category,percent
불만족하거나 불편한 점이 없다,57.60559383458539
언어소통이 불편하다,18.11058497554187
대중교통 이용이 불편하다,8.397866182108688
여행정보를 얻기 어렵다,7.589115665287937
음식 가격이 비싸다,6.086476539030301
택시기사 서비스가 불편하다,5.7049711554924665
기타,4.332955490356095
쇼핑품목이 다양하지 못하다,3.8935770850860383
관광정보가 정확하지 않다,3.1672227328643583
안내표지판이 부정확하다,2.120646258005055
음식맛이 없다,1.6265657551414243
상품구입을 강요한다,1.6134645868134283
숙박가격이 비싸다,1.376803295250956
관광종사원이 불친절하다,1.2836100342451835
관광가이드의 서비스가 좋지 않다,0.762659771699312
식당과 음식이 불결하다,0.4091981210153881
