입항일자(YYYYMMDD),선박명,총승객수,한국인승객수,외국인승객수,일본인승객수,중국인승객수,홍콩인승객수,대만인승객수,싱가포르인승객수,말레이시아인승객수,인도네시아인승객수,베트남인승객수,태국인승객수,미국인승객수,유럽인승객수,미주인승객수,오세아니아인승객수,아프리카인승객수,아시아권승객수,서양권승객수,입항항구
20260914,Adora Magic City,0,0,0,0,0,0,0,0,0,0,0,0,0,0,0,0,0,0,0,강정항
20260914,Adora Mediterranea,2539,0,2539,0,2521,1,0,0,1,0,1,0,1,8,3,3,0,0,0,제주항
20260914,Visio,2763,0,2763,0,2725,0,1,3,0,0,0,0,0,24,2,3,0,5,0,강정항
20260913,Adora Mediterranea,0,0,0,0,0,0,0,0,0,0,0,0,0,0,0,0,0,0,0,제주항
20260913,MSC Bellissima,4486,557,3929,17,3454,8,6,2,4,3,1,38,6,306,1,2,0,81,0,강정항
20260912,Adora Magic City,0,0,0,0,0,0,0,0,0,0,0,0,0,0,0,0,0,0,0,강정항
20260912,Dream,2222,0,2222,0,2184,2,1,0,1,0,0,0,2,21,2,0,0,9,0,제주항
20260911,Adora Magic City,0,0,0,0,0,0,0,0,0,0,0,0,0,0,0,0,0,0,0,강정항
20260910,Adora Mediterranea,2013,0,2013,0,2004,0,7,0,1,0,0,0,0,1,0,0,0,0,0,제주항
20260909,MSC Bellissima,3976,560,3416,2,2869,9,16,0,18,0,1,1,7,340,4,5,0,144,0,강정항
20260909,Spectrum of The Seas,5138,2,5136,6,4406,38,7,116,17,11,20,20,53,285,38,36,0,83,0,강정항
20260909,Visio,1807,0,1807,0,1763,3,0,0,0,0,0,0,5,28,3,0,0,5,0,제주항
20260908,Adora Magic City,0,0,0,0,0,0,0,0,0,0,0,0,0,0,0,0,0,0,0,제주항
20260908,Adora Mediterranea,0,0,0,0,0,0,0,0,0,0,0,0,0,0,0,0,0,0,0,제주항
20260908,Dream,2012,0,2012,0,1981,3,0,0,1,0,0,0,0,19,0,0,0,8,0,제주항
20260907,Adora Magic City,1529,0,1529,0,42,1364,3,32,24,1,0,0,2,2,55,0,0,4,0,강정항
20260906,Adora Magic City,0,0,0,0,0,0,0,0,0,0,0,0,0,0,0,0,0,0,0,강정항
20260906,Adora Mediterranea,0,0,0,0,0,0,0,0,0,0,0,0,0,0,0,0,0,0,0,강정항
20260906,Adora Mediterranea,0,0,0,0,0,0,0,0,0,0,0,0,0,0,0,0,0,0,0,제주항
20260906,Costa Serena,0,0,0,0,0,0,0,0,0,0,0,0,0,0,0,0,0,0,0,강정항
20260905,Asuka 3,0,0,0,0,0,0,0,0,0,0,0,0,0,0,0,0,0,0,0,제주항
20260905,MSC Bellissima,0,0,0,0,0,0,0,0,0,0,0,0,0,0,0,0,0,0,0,강정항
20260904,Dream,0,0,0,0,0,0,0,0,0,0,0,0,0,0,0,0,0,0,0,제주항
20260904,Visio,0,0,0,0,0,0,0,0,0,0,0,0,0,0,0,0,0,0,0,강정항
20260903,Adora Magic City,0,0,0,0,0,0,0,0,0,0,0,0,0,0,0,0,0,0,0,강정항
20260903,Adora Mediterranea,0,0,0,0,0,0,0,0,0,0,0,0,0,0,0,0,0,0,0,제주항
20260901,MSC Bellissima,4549,563,3986,0,3501,7,13,2,12,0,2,0,11,388,12,8,0,30,0,강정항
20260901,Star Navigator,2077,0,2077,1,2,2,1685,22,43,1,29,0,13,8,9,0,1,261,0,제주항
20260831,Dream,382,0,382,0,351,3,0,0,1,0,0,0,1,17,0,0,0,9,0,제주항
20260830,Spectrum of The Seas,4223,24,4199,3,3930,12,6,57,17,16,19,4,12,55,13,26,0,29,0,강정항
20260829,Adora Mediterranea,1519,0,1519,0,1509,2,1,0,0,0,0,0,3,0,4,0,0,0,0,강정항
20260829,Mitsui Ocean Fuji,235,1,234,187,1,0,2,0,0,0,0,0,39,1,4,0,0,0,0,제주항
20260828,MSC Bellissima,5133,559,4574,2,4212,20,9,0,0,0,1,29,19,200,12,8,0,62,0,강정항
20260827,Dream,952,0,952,0,920,2,0,2,1,0,0,0,1,17,0,1,0,8,0,제주항
20260826,Visio,689,0,689,0,652,1,0,0,0,0,0,0,2,25,2,0,0,7,0,강정항
20260824,Adora Mediterranea,2359,0,2359,1,2336,1,1,2,0,0,0,0,9,3,5,1,0,0,0,제주항
20260824,MSC Bellissima,5465,560,4905,0,4467,12,20,0,1,0,0,0,9,292,8,0,2,94,0,강정항
20260823,Dream,0,0,0,0,0,0,0,0,0,0,0,0,0,0,0,0,0,0,0,제주항
20260822,Dream,1631,0,1631,0,1602,0,0,0,1,0,0,0,4,13,1,0,0,10,0,제주항
20260822,Spectrum of The Seas,5306,37,5269,14,5058,53,13,9,2,8,0,1,26,42,12,15,0,16,0,강정항
20260821,Visio,1425,0,1425,0,1392,4,0,0,0,0,0,0,1,21,1,0,0,6,0,강정항
20260820,Mitsui Ocean Fuji,138,0,138,129,0,0,2,0,0,0,0,0,1,4,2,0,0,0,0,제주항
20260819,Adora Mediterranea,2090,0,2090,0,2064,0,1,0,0,0,0,0,3,17,5,0,0,0,0,제주항
20260819,Dream,0,0,0,0,0,0,0,0,0,0,0,0,0,0,0,0,0,0,0,강정항
20260818,Star Navigator,2363,1,2362,0,4,0,2157,6,13,3,1,7,9,8,2,1,0,151,0,제주항
20260816,Visio,1692,0,1692,3,1646,0,1,0,0,0,0,0,4,29,3,0,0,6,0,강정항
20260815,Dream,0,0,0,0,0,0,0,0,0,0,0,0,0,0,0,0,0,0,0,제주항
20260815,MSC Bellissima,4846,12,4834,4,4210,13,7,1,0,0,0,0,17,490,13,0,0,79,0,강정항
20260814,Adora Mediterranea,2173,0,2173,0,2134,5,1,0,1,0,0,1,2,23,1,2,0,3,0,제주항
20260813,Spectrum of The Seas,3792,8,3784,0,2117,76,10,109,26,4,0,0,165,791,193,106,39,148,0,강정항
20260812,MSC Bellissima,3977,4,3973,7,2750,32,7,0,2,5,0,0,34,975,5,13,0,143,0,강정항
20260811,Dream,0,0,0,0,0,0,0,0,0,0,0,0,0,0,0,0,0,0,0,제주항
20260811,Visio,0,0,0,0,0,0,0,0,0,0,0,0,0,0,0,0,0,0,0,강정항
20260809,Adora Magic City,4295,0,4295,0,4268,18,0,1,0,0,0,0,2,2,0,2,0,2,0,강정항
20260809,Adora Mediterranea,0,0,0,0,0,0,0,0,0,0,0,0,0,0,0,0,0,0,0,제주항
20260807,Dream,0,0,0,0,0,0,0,0,0,0,0,0,0,0,0,0,0,0,0,제주항
20260807,Spectrum of The Seas,5320,4,5316,0,4791,107,17,30,9,128,3,7,63,109,19,15,0,18,0,강정항
20260806,MSC Bellissima,0,0,0,0,0,0,0,0,0,0,0,0,0,0,0,0,0,0,0,강정항
20260806,Visio,2133,0,2133,2,2085,7,0,1,0,0,0,0,5,26,1,0,0,6,0,강정항
20260805,Adora Magic City,4962,0,4962,3,4872,14,3,2,6,0,0,7,16,22,9,4,0,4,0,강정항
20260805,Adora Mediterranea,0,0,0,0,0,0,0,0,0,0,0,0,0,0,0,0,0,0,0,강정항
20260805,Adora Mediterranea,1327,0,1327,0,1313,0,6,0,0,0,0,0,2,4,1,0,0,1,0,제주항
20260804,Dream,1994,0,1994,0,1950,0,2,0,0,0,0,0,8,24,1,0,0,9,0,제주항
20260803,Dream,0,0,0,0,0,0,0,0,0,0,0,0,0,0,0,0,0,0,0,제주항
20260802,MSC Bellissima,0,0,0,0,0,0,0,0,0,0,0,0,0,0,0,0,0,0,0,강정항
20260801,Spectrum of The Seas,5285,62,5223,4,4967,83,11,8,1,0,3,2,33,50,23,3,4,31,0,강정항
20260801,Visio,0,0,0,0,0,0,0,0,0,0,0,0,0,0,0,0,0,0,0,강정항
20260731,Adora Magic City,4428,0,4428,2,4326,19,10,2,2,0,0,0,19,38,5,2,0,3,0,강정항
20260730,Adora Mediterranea,0,0,0,0,0,0,0,0,0,0,0,0,0,0,0,0,0,0,0,제주항
20260730,Dream,0,0,0,0,0,0,0,0,0,0,0,0,0,0,0,0,0,0,0,강정항
20260729,Adora Mediterranea,1827,0,1827,0,1795,16,0,0,1,0,0,0,6,3,4,2,0,0,0,제주항
20260727,Adora Magic City,5057,0,5057,0,4989,13,9,1,1,0,0,3,13,14,4,10,0,0,0,강정항
20260727,Visio,2023,0,2023,3,1976,1,0,0,0,0,0,0,4,26,2,0,0,11,0,강정항
20260726,Dream,0,0,0,0,0,0,0,0,0,0,0,0,0,0,0,0,0,0,0,강정항
20260726,Mitsui Ocean Fuji,301,0,301,265,0,5,2,0,0,0,0,0,7,11,3,8,0,0,0,제주항
20260725,Diamond Princess,2946,33,2913,2009,24,22,19,3,0,0,0,4,472,91,138,88,0,43,0,강정항
20260724,Adora Mediterranea,1446,0,1446,0,1413,3,0,0,0,2,0,0,7,15,4,0,1,1,0,제주항
20260723,Adora Magic City,4003,2,4001,0,3918,12,3,0,0,0,7,3,13,25,8,11,0,1,0,강정항
20260722,Dream,0,0,0,0,0,0,0,0,0,0,0,0,0,0,0,0,0,0,0,제주항
20260722,Visio,1920,0,1920,0,1861,6,0,0,0,0,0,0,5,26,5,1,0,16,0,강정항
20260721,Villa Vie Odyssey,0,0,0,0,0,0,0,0,0,0,0,0,0,0,0,0,0,0,0,제주항
20260720,Adora Mediterranea,0,0,0,0,0,0,0,0,0,0,0,0,0,0,0,0,0,0,0,제주항
20260719,Adora Magic City,4375,0,4375,0,4280,20,13,3,0,0,0,3,24,19,10,3,0,0,0,강정항
20260719,Adora Mediterranea,2533,1,2532,0,2498,3,2,0,0,0,0,0,14,8,1,2,0,4,0,제주항
20260718,Dream,0,0,0,0,0,0,0,0,0,0,0,0,0,0,0,0,0,0,0,제주항
20260718,Visio,1923,0,1923,0,1876,3,0,0,0,0,0,0,5,22,4,3,0,10,0,강정항
20260717,Spectrum of The Seas,5310,0,5310,16,4993,83,16,10,8,0,0,9,57,67,20,14,3,14,0,강정항
20260715,Adora Magic City,3716,0,3716,1,3663,10,0,0,0,0,0,2,14,9,12,4,1,0,0,강정항
20260714,Adora Mediterranea,0,0,0,0,0,0,0,0,0,0,0,0,0,0,0,0,0,0,0,강정항
20260714,Asuka 2,673,5,668,667,0,0,0,0,0,0,0,0,1,0,0,0,0,0,0,제주항
20260714,Dream,0,0,0,0,0,0,0,0,0,0,0,0,0,0,0,0,0,0,0,강정항
20260714,MSC Bellissima,5395,0,5395,1,13,0,5326,2,3,4,2,0,35,5,1,1,0,2,0,강정항
20260713,Visio,0,0,0,0,0,0,0,0,0,0,0,0,0,0,0,0,0,0,0,강정항
20260711,Adora Magic City,3967,0,3967,0,3903,8,22,0,1,0,0,0,3,17,11,2,0,0,0,강정항
20260711,Spectrum of The Seas,4951,3,4948,1,4744,24,11,19,9,1,0,4,40,34,10,36,1,14,0,강정항
20260710,Dream,1292,0,1292,2,1256,6,0,0,0,0,0,0,1,13,5,0,0,9,0,제주항
20260709,Adora Mediterranea,2157,0,2157,1,2094,4,0,0,22,0,0,0,11,6,3,4,0,12,0,제주항
20260707,Adora Magic City,4078,0,4078,0,4015,14,8,1,0,0,0,0,12,20,5,2,1,0,0,강정항
20260707,Visio,2550,0,2550,1,2504,0,1,0,0,0,0,0,3,24,5,2,0,10,0,강정항
20260706,Dream,1246,0,1246,1,1214,2,2,0,0,0,0,0,3,13,1,1,0,9,0,제주항
20260705,Adora Mediterranea,0,0,0,0,0,0,0,0,0,0,0,0,0,0,0,0,0,0,0,제주항
20260704,Adora Magic City,4337,0,4337,1,4287,6,27,0,0,0,0,0,11,1,0,2,0,2,0,강정항
20260704,Adora Mediterranea,1251,0,1251,0,1215,1,2,0,0,0,0,0,9,13,2,0,0,9,0,제주항
20260702,Dream,729,0,729,1,701,2,0,0,0,0,0,0,2,14,0,0,0,9,0,제주항
20260702,Visio,1483,0,1483,2,1432,0,0,0,0,0,0,0,9,22,6,1,0,11,0,강정항
20260701,Spectrum of The Seas,0,0,0,0,0,0,0,0,0,0,0,0,0,0,0,0,0,0,0,강정항
20260630,Adora Magic City,3647,0,3647,4,3637,0,1,0,0,0,0,0,3,1,1,0,0,0,0,강정항
20260630,Adora Mediterranea,0,0,0,0,0,0,0,0,0,0,0,0,0,0,0,0,0,0,0,제주항
20260629,Adora Mediterranea,1637,0,1637,1,1600,1,1,0,0,0,0,0,8,4,9,2,0,11,0,제주항
20260628,Dream,1815,0,1815,0,1785,1,0,0,3,1,0,0,4,12,0,0,0,9,0,제주항
20260627,Visio,0,0,0,0,0,0,0,0,0,0,0,0,0,0,0,0,0,0,0,강정항
20260626,Adora Magic City,3371,0,3371,0,3361,3,0,0,0,0,0,0,6,1,0,0,0,0,0,강정항
20260624,Adora Mediterranea,620,0,620,0,614,0,0,0,0,0,0,0,2,2,1,0,0,1,0,제주항
20260624,Dream,0,0,0,0,0,0,0,0,0,0,0,0,0,0,0,0,0,0,0,강정항
20260622,Adora Magic City,4871,0,4871,3,4677,17,14,3,21,47,0,3,23,17,31,14,0,1,0,강정항
20260622,Visio,1115,0,1115,0,1071,1,0,0,0,0,0,0,7,24,1,1,0,10,0,강정항
20260621,Spectrum of The Seas,5153,3,5150,2,4585,59,20,55,16,62,2,14,122,109,34,35,5,30,0,강정항
20260620,Dream,0,0,0,0,0,0,0,0,0,0,0,0,0,0,0,0,0,0,0,제주항
20260619,Adora Magic City,4822,0,4822,0,4717,16,9,18,8,2,0,1,33,5,3,9,1,0,0,강정항
20260619,Adora Mediterranea,855,0,855,0,821,1,0,0,0,0,0,0,7,8,1,0,0,17,0,제주항
20260617,Visio,1310,0,1310,0,1272,2,0,0,0,0,0,0,3,21,1,0,1,10,0,강정항
20260616,Dream,0,0,0,0,0,0,0,0,0,0,0,0,0,0,0,0,0,0,0,제주항
20260615,Adora Magic City,3450,1,3449,1,3324,26,7,1,2,8,0,0,13,35,6,20,0,6,0,강정항
20260615,Adora Mediterranea,736,4,732,1,716,3,1,3,0,0,0,0,4,2,0,2,0,0,0,제주항
20260613,Spectrum of The Seas,5233,60,5173,2,4735,43,24,63,35,56,27,12,26,71,12,9,0,58,0,강정항
20260612,Dream,1421,0,1421,1,1391,2,0,0,0,1,0,0,1,13,0,3,0,9,0,제주항
20260612,Visio,886,0,886,0,816,0,1,0,0,0,0,0,8,22,1,0,0,38,0,강정항
20260611,Hanseatic Inspiration,224,0,224,6,0,0,0,0,0,0,0,0,1,213,1,2,0,1,0,제주항
20260610,Adora Magic City,4237,0,4237,3,4076,28,9,10,0,1,0,0,27,25,5,52,0,1,0,강정항
20260609,Adora Mediterranea,953,0,953,0,942,0,0,0,0,0,0,0,4,4,0,1,0,2,0,제주항
20260609,Spectrum of The Seas,5289,13,5276,6,4322,0,16,161,30,19,0,15,117,403,20,100,3,64,0,강정항
20260608,Dream,1189,0,1189,0,1163,2,0,0,0,0,0,0,2,13,0,0,0,9,0,제주항
20260607,Adora Magic City,0,0,0,0,0,0,0,0,0,0,0,0,0,0,0,0,0,0,0,강정항
20260607,Visio,857,0,857,0,816,0,0,0,0,0,0,0,0,22,0,0,0,19,0,강정항
20260606,MSC Bellissima,4162,31,4131,4067,21,0,9,3,0,0,0,2,13,11,2,0,0,3,0,강정항
20260604,Dream,1270,0,1270,0,1244,1,1,0,0,0,0,0,0,15,0,0,0,9,0,제주항
20260603,Adora Magic City,3953,0,3953,0,3899,4,0,1,7,1,2,0,22,4,2,5,0,6,0,강정항
20260602,Adora Mediterranea,2407,2,2405,1,2369,0,0,1,1,0,0,19,11,1,2,0,0,0,0,제주항
20260602,Visio,0,0,0,0,0,0,0,0,0,0,0,0,0,0,0,0,0,0,0,강정항
20260601,Crystal Symphony,577,8,569,6,0,2,6,4,1,17,0,1,384,45,46,51,4,2,0,제주항
20260601,Spectrum of The Seas,5262,11,5251,2,4792,36,9,79,89,12,0,51,28,51,12,9,1,80,0,강정항
20260531,Adora Magic City,3225,0,3225,1,3136,8,3,1,5,4,0,0,12,18,18,19,0,0,0,강정항
20260531,Dream,586,0,586,0,562,1,0,0,0,0,0,0,0,13,0,1,0,9,0,제주항
20260529,Adora Mediterranea,2244,1,2243,0,2215,1,3,0,1,0,0,19,3,0,1,0,0,0,0,제주항
20260528,Celebrity Millennium,2293,48,2245,15,3,10,22,1,0,0,3,0,1062,347,366,347,6,63,0,제주항
20260528,MSC Bellissima,4190,27,4163,4124,12,0,4,1,0,1,1,0,5,8,5,1,0,1,0,강정항
20260528,Visio,1272,0,1272,0,1236,1,0,0,0,0,0,0,1,21,1,1,0,11,0,강정항
20260527,Adora Magic City,4411,0,4411,2,4267,32,1,3,4,0,0,0,7,9,13,61,0,12,0,강정항
20260527,Dream,609,0,609,0,587,0,0,0,0,0,0,0,0,13,0,0,0,9,0,제주항
20260524,Adora Mediterranea,2551,1,2550,0,2509,10,3,1,3,0,0,19,1,4,0,0,0,0,0,제주항
20260523,Dream,851,0,851,0,827,2,0,0,0,0,0,0,1,12,0,0,0,9,0,제주항
20260523,Visio,2046,0,2046,0,2009,0,0,0,0,0,0,0,3,21,1,1,0,11,0,강정항
20260522,Adora Magic City,3620,0,3620,1,3492,21,10,2,3,0,1,0,12,21,1,11,0,45,0,강정항
20260520,Adora Mediterranea,0,0,0,0,0,0,0,0,0,0,0,0,0,0,0,0,0,0,0,강정항
20260519,Dream,525,0,525,0,495,2,0,0,0,0,0,0,3,14,0,0,0,11,0,제주항
20260519,MSC Bellissima,4455,63,4392,3949,34,7,17,2,29,1,2,2,63,123,111,12,6,34,0,강정항
20260518,Adora Magic City,3132,1,3131,0,2967,10,5,1,0,0,0,1,29,8,33,72,0,5,0,강정항
20260518,Visio,3371,0,3371,1,3335,1,0,0,0,0,0,0,0,22,1,0,0,11,0,강정항
20260516,Adora Mediterranea,0,0,0,0,0,0,0,0,0,0,0,0,0,0,0,0,0,0,0,제주항
20260516,Crystal Symphony,563,2,561,16,2,2,0,4,3,0,0,0,241,43,22,226,1,1,0,제주항
20260516,Spectrum of The Seas,3650,0,3650,0,3607,2,1,0,32,0,0,6,0,1,0,1,0,0,0,강정항
20260515,Dream,321,0,321,0,297,2,0,0,0,0,0,0,0,13,0,0,0,9,0,강정항
20260515,Mitsui Ocean Fuji,281,0,281,268,1,0,2,0,0,0,0,0,2,0,5,2,0,1,0,제주항
20260514,Adora Magic City,3465,0,3465,2,3423,5,9,0,0,0,0,0,8,9,1,5,0,3,0,강정항
20260514,Visio,3387,15,3372,3,3328,2,1,0,0,0,0,0,0,23,2,1,0,12,0,강정항
20260512,Adora Mediterranea,0,0,0,0,0,0,0,0,0,0,0,0,0,0,0,0,0,0,0,제주항
20260511,Dream,1200,0,1200,0,1174,2,0,0,0,0,0,0,0,12,0,0,0,12,0,제주항
20260510,Adora Magic City,3077,0,3077,0,3043,5,1,0,1,0,0,0,8,16,0,2,0,1,0,강정항
20260509,Visio,994,0,994,0,929,0,0,0,0,0,0,0,5,23,1,1,0,35,0,강정항
20260507,Dream,0,0,0,0,0,0,0,0,0,0,0,0,0,0,0,0,0,0,0,제주항
20260507,MSC Bellissima,5312,39,5273,4579,47,4,23,0,0,0,1,1,54,321,67,20,2,154,0,강정항
20260505,Star Navigator,2003,1,2002,0,0,4,1442,22,22,1,3,6,31,4,6,0,0,461,0,제주항
20260504,Dream,1071,0,1071,0,1026,4,7,0,1,0,0,0,1,17,0,1,1,13,0,제주항
20260504,Visio,2783,0,2783,1,2734,2,1,0,0,0,1,0,10,22,0,1,0,11,0,강정항
20260503,Costa Serena,3231,22,3209,3158,3,5,3,1,0,0,0,0,9,13,2,1,0,14,0,강정항
20260503,Spectrum of The Seas,4822,13,4809,4,4481,12,16,13,2,3,0,4,34,131,74,5,3,27,0,강정항
20260501,Adora Magic City,4801,4,4797,2,4714,8,19,2,1,0,0,0,14,26,10,1,0,0,0,강정항
20260501,MSC Bellissima,0,0,0,0,0,0,0,0,0,0,0,0,0,0,0,0,0,0,0,강정항
20260429,Dream,957,0,957,0,928,2,0,2,0,0,0,0,2,12,1,1,0,9,0,제주항
20260429,Ritz Carton Luminara,160,0,160,2,0,0,3,1,0,0,0,0,114,25,12,0,2,1,0,강정항
20260427,Adora Magic City,3919,0,3919,0,3776,9,5,0,0,19,0,0,26,35,26,22,0,1,0,강정항
20260426,Crystal Symphony,594,0,594,0,1,4,1,16,1,0,0,4,333,69,68,87,1,9,0,제주항
20260426,MSC Bellissima,4164,25,4139,4076,28,1,4,0,0,0,0,5,13,6,2,0,0,4,0,강정항
20260425,Dream,1312,0,1312,0,1276,4,1,1,0,0,0,0,2,16,1,1,0,10,0,강정항
20260425,Mitsui Ocean Fuji,359,1,358,347,0,0,0,2,0,0,0,0,2,6,1,0,0,0,0,제주항
20260425,Visio,1549,0,1549,0,1367,0,0,0,0,0,0,0,3,46,0,0,0,133,0,강정항
20260424,Adora Magic City,3106,0,3106,0,3026,7,4,0,5,0,0,0,10,30,15,8,1,0,0,강정항
20260423,MS Sirena,0,0,0,0,0,0,0,0,0,0,0,0,0,0,0,0,0,0,0,제주항
20260422,Diamond Princess,2692,7,2685,1069,16,30,24,26,30,0,0,26,660,208,158,376,3,59,0,강정항
20260422,Island Sky,92,0,92,3,0,0,0,0,0,0,0,0,2,11,0,76,0,0,0,제주항
20260421,Dream,1057,0,1057,0,1018,3,3,1,0,0,0,0,3,13,2,4,0,10,0,제주항
20260419,Adora Magic City,2951,0,2951,1,2907,0,0,0,10,4,0,6,5,8,4,5,1,0,0,강정항
20260419,Spectrum of The Seas,4503,13,4490,2,874,40,19,168,78,11,0,20,733,1611,169,490,75,200,0,강정항
20260419,Visio,807,0,807,1,740,3,0,0,0,0,0,0,0,47,3,0,0,13,0,제주항
20260417,Dream,1913,0,1913,1,1880,3,0,1,1,0,0,0,0,16,0,2,0,9,0,제주항
20260416,Celebrity Millennium,2115,0,2115,18,1,3,16,1,6,0,0,0,623,758,427,249,2,11,0,제주항
20260416,Spectrum of The Seas,4585,24,4561,2,4083,32,8,42,15,0,0,108,35,86,24,41,3,82,0,강정항
20260415,Adora Magic City,2994,0,2994,0,2865,4,4,1,5,1,0,6,13,19,60,16,0,0,0,강정항
20260414,Star Navigator,1968,2,1966,0,0,10,1390,68,52,4,41,61,18,10,8,4,0,300,0,제주항
20260414,Visio,1550,0,1550,0,1516,0,0,0,0,0,0,0,2,21,0,0,0,11,0,강정항
20260413,Dream,0,0,0,0,0,0,0,0,0,0,0,0,0,0,0,0,0,0,0,강정항
20260413,VIKING YI DUN,692,6,686,635,11,0,2,1,0,0,0,0,21,11,5,0,0,0,0,제주항
20260411,Adora Magic City,3337,0,3337,0,3273,31,3,0,5,0,0,8,2,8,7,0,0,0,0,강정항
20260410,Visio,0,0,0,0,0,0,0,0,0,0,0,0,0,0,0,0,0,0,0,강정항
20260409,Coral Princess,1844,1,1843,1,3,4,2,4,0,0,0,1,1369,117,222,118,1,1,0,강정항
20260409,Dream,0,0,0,0,0,0,0,0,0,0,0,0,0,0,0,0,0,0,0,강정항
20260409,Nippon Maru,318,0,318,317,0,0,0,0,0,0,0,0,0,0,0,0,0,1,0,제주항
20260408,Spectrum of The Seas,5281,7,5274,7,4717,156,24,39,17,13,0,22,47,99,19,70,0,44,0,강정항
20260407,Adora Magic City,3230,0,3230,0,3119,16,2,1,3,3,0,8,12,17,38,8,0,3,0,강정항
20260406,MSC Bellissima,4449,47,4402,348,55,17,140,16,24,6,4,19,539,1913,364,647,65,245,0,강정항
20260405,Celebrity Millennium,2024,0,2024,15,1,0,2,1,3,0,0,0,534,744,473,215,1,35,0,제주항
20260405,Dream,1169,0,1169,0,1137,4,4,0,0,0,0,0,1,13,0,0,0,10,0,강정항
20260405,Visio,456,0,456,0,421,0,0,0,0,0,0,0,1,20,0,3,0,11,0,강정항
20260403,Adora Magic City,4740,0,4740,0,4614,47,15,0,3,0,0,8,11,18,15,8,0,1,0,강정항
20260401,Dream,1041,0,1041,0,1003,5,2,2,0,0,0,0,3,15,0,1,0,10,0,제주항
20260331,Star Navigator,2079,0,2079,1,1,13,1390,29,21,17,117,26,24,4,3,4,1,428,0,제주항
20260331,Visio,0,0,0,0,0,0,0,0,0,0,0,0,0,0,0,0,0,0,0,강정항
20260330,Adora Magic City,2343,0,2343,3,2177,45,2,0,13,2,0,8,17,33,14,21,0,8,0,강정항
20260328,Dream,1476,0,1476,2,1444,3,0,0,0,0,0,0,0,15,0,1,0,11,0,제주항
20260326,Adora Magic City,2836,0,2836,0,2722,13,24,0,7,4,0,0,10,10,2,30,0,14,0,강정항
20260325,Visio,0,0,0,0,0,0,0,0,0,0,0,0,0,0,0,0,0,0,0,강정항
20260324,Dream,0,0,0,0,0,0,0,0,0,0,0,0,0,0,0,0,0,0,0,제주항
20260323,Celebrity Millennium,1950,2,1948,30,2,0,1,2,0,0,0,0,278,918,541,167,2,7,0,제주항
20260322,Adora Magic City,2974,0,2974,1,2945,9,0,0,1,0,0,0,0,9,6,3,0,0,0,강정항
20260322,Crystal Symphony,508,0,508,0,0,0,0,13,1,0,0,0,321,75,44,49,1,4,0,제주항
20260321,Visio,830,0,830,0,794,0,0,0,0,0,0,0,2,21,2,0,0,11,0,강정항
20260320,Dream,670,0,670,0,637,3,3,0,0,0,0,0,0,13,0,0,0,14,0,제주항
20260318,Adora Magic City,2304,0,2304,0,2223,15,1,6,1,0,0,0,5,9,24,20,0,0,0,강정항
20260316,Costa Serena,2301,0,2301,0,9,3,4,0,0,0,0,0,171,44,24,9,0,2037,0,강정항
20260316,Dream,452,0,452,0,423,3,0,0,0,0,0,0,0,13,0,0,0,13,0,제주항
20260315,Spectrum of The Seas,4625,11,4614,3,4311,6,6,31,36,2,0,3,88,62,23,13,1,29,0,강정항
20260315,Visio,0,0,0,0,0,0,0,0,0,0,0,0,0,0,0,0,0,0,0,강정항
20260315,Vision,0,0,0,0,0,0,0,0,0,0,0,0,0,0,0,0,0,0,0,강정항
20260314,Adora Magic City,2639,0,2639,0,2514,2,1,0,8,0,0,0,1,17,91,5,0,0,0,강정항
20260314,MS Regatta,0,0,0,0,0,0,0,0,0,0,0,0,0,0,0,0,0,0,0,제주항
20260313,Le Jacques Cartier,137,0,137,0,0,0,2,0,0,0,0,0,13,95,6,21,0,0,0,제주항
20260312,Dream,485,0,485,0,454,3,0,1,0,0,0,0,2,13,2,0,0,10,0,제주항
20260311,Spectrum of The Seas,3133,4,3129,4,2151,29,44,70,38,24,3,17,47,459,28,155,1,59,0,강정항
20260310,Adora Magic City,3652,0,3652,0,3564,21,1,0,19,0,0,25,3,1,14,4,0,0,0,강정항
20260309,MS Regatta,620,2,618,1,1,2,2,8,6,1,0,0,262,183,80,71,1,0,0,제주항
20260308,Dream,0,0,0,0,0,0,0,0,0,0,0,0,0,0,0,0,0,0,0,제주항
20260306,Adora Magic City,3074,0,3074,0,2990,13,5,0,0,0,0,0,5,3,50,3,0,5,0,강정항
20260306,Spectrum of The Seas,3848,50,3798,0,3648,10,19,24,4,2,4,8,32,22,13,4,1,7,0,강정항
20260304,Dream,1139,0,1139,0,1113,4,0,0,0,0,0,0,1,11,0,0,0,10,0,제주항
20260303,MSC Bellissima,4280,1081,3199,1,3037,7,2,0,0,0,0,0,3,124,6,0,0,19,0,강정항
20260302,Adora Magic City,0,0,0,0,0,0,0,0,0,0,0,0,0,0,0,0,0,0,0,강정항
20260301,MS Regatta,0,0,0,0,0,0,0,0,0,0,0,0,0,0,0,0,0,0,0,제주항
20260227,MSC Bellissima,3629,4,3625,1,3517,5,5,2,1,0,0,0,9,76,4,0,0,5,0,강정항
20260224,Dream,0,0,0,0,0,0,0,0,0,0,0,0,0,0,0,0,0,0,0,제주항
20260223,Visio,0,0,0,0,0,0,0,0,0,0,0,0,0,0,0,0,0,0,0,강정항
20260223,Vision,0,0,0,0,0,0,0,0,0,0,0,0,0,0,0,0,0,0,0,강정항
20260222,Adora Magic City,2718,0,2718,0,2699,7,5,1,1,0,0,0,1,2,0,1,0,1,0,강정항
20260220,Dream,1372,0,1372,0,1325,4,0,0,0,0,0,0,5,12,0,1,0,25,0,제주항
20260220,Spectrum of The Seas,5210,14,5196,2,4964,98,13,6,10,5,16,2,23,20,11,11,0,15,0,강정항
20260219,Adora Magic City,3196,1,3195,6,3137,11,21,3,0,0,0,1,8,2,4,2,0,0,0,강정항
20260219,MS Regatta,642,1,641,3,0,73,4,2,11,0,0,1,254,105,121,64,0,3,0,제주항
20260218,Visio,0,0,0,0,0,0,0,0,0,0,0,0,0,0,0,0,0,0,0,강정항
20260218,Vision,0,0,0,0,0,0,0,0,0,0,0,0,0,0,0,0,0,0,0,강정항
20260215,MSC Bellissima,3114,0,3114,2,2923,9,22,0,0,0,0,1,10,133,6,3,0,5,0,강정항
20260214,Dream,2181,0,2181,0,2150,4,0,0,0,0,0,0,4,11,2,0,0,10,0,제주항
20260209,Adora Magic City,3815,0,3815,0,3790,4,6,0,2,0,0,0,11,1,1,0,0,0,0,강정항
20260209,Dream,1374,0,1374,1,1346,1,0,0,0,0,0,0,1,11,1,0,1,12,0,제주항
20260205,Adora Magic City,2652,0,2652,0,2622,6,6,1,2,0,0,0,8,5,0,1,0,1,0,강정항
20260204,Dream,1069,0,1069,0,1043,1,0,0,0,1,0,0,0,12,1,1,0,10,0,제주항
20260201,Adora Magic City,1325,0,1325,0,1321,0,1,0,0,0,0,0,1,1,0,1,0,0,0,강정항
20260201,MSC Bellissima,5160,992,4168,3,4111,1,10,0,0,0,0,0,3,28,4,1,0,7,0,강정항
20260131,DREAM,779,0,779,0,750,3,0,0,2,0,0,0,1,13,0,0,0,10,0,제주항
20260130,Dream,0,0,0,0,0,0,0,0,0,0,0,0,0,0,0,0,0,0,0,제주항
20260128,Adora Magic City,1333,0,1333,0,1318,5,4,0,4,0,0,0,1,0,1,0,0,0,0,강정항
20260128,MSC Bellissima,3404,6,3398,1,3314,6,8,1,1,0,0,2,9,48,4,4,0,0,0,강정항
20260125,Dream,1805,0,1805,0,1772,2,1,0,0,0,0,0,4,12,2,1,0,11,0,제주항
20260124,Adora Magic City,2305,0,2305,0,2275,8,2,5,5,0,0,0,5,1,3,0,0,1,0,강정항
20260120,Adora Magic City,1513,0,1513,1,1501,5,0,0,1,0,0,0,1,1,1,1,0,1,0,강정항
20260120,Dream,0,0,0,0,0,0,0,0,0,0,0,0,0,0,0,0,0,0,0,제주항
20260116,Adora Magic City,1358,2,1356,1,1318,3,6,5,0,0,0,0,2,4,9,6,0,2,0,강정항
20260116,Dream,750,0,750,0,725,2,0,0,0,0,0,0,1,13,0,0,0,9,0,제주항
20260112,Adora Magic City,870,0,870,0,856,4,0,0,0,0,0,0,4,0,2,3,0,1,0,강정항
20260110,Dream,0,0,0,0,0,0,0,0,0,0,0,0,0,0,0,0,0,0,0,제주항
20260108,Adora Magic City,1833,0,1833,0,1797,9,3,1,0,0,2,0,5,1,1,10,0,4,0,강정항
20260105,Dream,484,0,484,0,453,3,0,0,0,0,0,0,1,13,0,6,0,8,0,제주항
20260104,Adora Magic City,934,0,934,0,887,12,1,2,3,0,0,0,2,2,10,15,0,0,0,강정항
20251231,Adora Magic City,2278,0,2278,0,2171,6,8,0,7,0,0,0,15,3,7,12,0,49,0,강정항
20251231,DREAM,755,0,755,0,662,3,0,0,0,0,0,0,3,17,0,3,0,67,0,제주항
20251227,Adora Magic City,911,13,898,4,761,69,8,1,7,6,0,3,14,6,0,10,0,9,0,강정항
20251226,DREAM,615,0,615,0,575,3,0,0,0,0,0,0,1,17,0,3,0,16,0,강정항
20251223,Adora Magic City,1251,0,1251,0,1122,32,0,2,10,0,0,0,10,10,10,32,0,23,0,강정항
20251222,DREAM,558,0,558,0,529,3,0,0,0,0,0,0,0,13,0,2,0,11,0,제주항
20251219,Adora Magic City,978,0,978,0,844,11,35,15,10,0,0,0,3,7,17,29,0,7,0,강정항
20251216,DREAM,1112,0,1112,0,1069,3,0,3,0,0,0,0,3,13,3,0,0,18,0,제주항
20251214,Adora Magic City,1274,41,1233,0,1144,14,2,20,7,0,0,0,13,2,9,17,0,5,0,강정항
20251211,DREAM,712,0,712,0,684,2,0,1,0,0,0,0,0,17,0,0,0,8,0,제주항
20251210,Adora Magic City,871,54,817,0,748,5,4,5,0,0,0,0,10,1,24,13,0,7,0,강정항
20251207,DREAM,1062,2,1060,0,1029,2,0,0,0,0,0,0,0,19,2,1,0,7,0,제주항
20251206,Adora Magic City,1557,53,1504,1,1463,7,2,0,9,0,0,0,3,3,13,1,0,2,0,강정항
20251202,Adora Magic City,2594,0,2594,0,2511,32,6,0,2,0,0,0,8,7,21,6,0,1,0,강정항
20251128,Adora Magic City,2953,0,2953,2,2609,53,5,10,0,0,0,0,10,8,196,58,0,2,0,강정항
20251127,DREAM,0,0,0,0,0,0,0,0,0,0,0,0,0,0,0,0,0,0,0,제주항
20251125,Adora Magic City,4006,5,4001,0,3998,0,1,0,0,0,0,0,0,2,0,0,0,0,0,강정항
20251122,Adora Magic City,4012,60,3952,0,3813,4,10,1,15,1,0,0,11,11,30,56,0,0,0,강정항
20251122,DREAM,970,0,970,0,905,2,0,0,0,0,0,0,0,16,1,0,0,46,0,제주항
20251120,ZHAO SHANG YI DUN,877,0,877,3,19,2,0,5,2,3,0,0,571,51,63,150,3,5,0,제주항
20251118,Adora Magic City,4134,5,4129,0,4088,8,0,3,2,0,0,1,8,7,9,3,0,0,0,강정항
20251117,DREAM,1262,0,1262,1,1231,4,0,0,0,0,0,0,2,16,1,0,0,7,0,강정항
20251115,Costa Serena,2471,252,2219,61,10,282,918,7,1,5,19,31,40,685,32,30,0,98,0,강정항
20251115,Norwegian Sun,1894,139,1755,9,39,1,17,7,2,1,0,6,624,372,212,286,10,169,0,제주항
20251114,MS Seven Seas Explorer,693,0,693,0,0,0,2,2,0,0,0,2,329,236,98,7,6,11,0,제주항
20251113,Norwegian Sun,1864,88,1776,13,12,0,23,8,6,0,0,2,791,201,351,225,5,139,0,제주항
20251113,Spectrum of the seas,4961,63,4898,4,4495,11,10,9,86,110,1,25,35,42,18,11,1,40,0,강정항
20251112,Adora Magic City,4497,5,4492,0,4341,16,21,0,7,2,0,0,23,6,57,14,0,5,0,강정항
20251112,Coral Geographer,97,0,97,5,0,0,0,0,0,0,0,0,4,10,4,74,0,0,0,제주항
20251112,DREAM,1652,3,1649,0,1598,6,3,0,0,0,0,0,2,16,0,0,0,24,0,강정항
20251110,MITSUI OCEAN FUJI,279,0,279,267,0,0,2,0,0,0,0,0,0,8,1,0,0,1,0,제주항
20251109,MSC BELLISSIMA,3885,34,3851,3788,11,2,19,1,0,0,0,1,10,13,3,0,0,3,0,강정항
20251109,Norwegian Spirit,1952,1,1951,6,1,1,94,8,3,0,0,4,1104,248,303,99,3,77,0,제주항
20251108,ZHAO SHANG YI DUN,889,0,889,4,18,1,1,5,0,1,0,0,659,28,19,147,2,4,0,제주항
20251107,Adora Magic City,4710,57,4653,1,4154,72,4,7,16,0,0,0,67,31,209,90,0,2,0,강정항
20251107,DREAM,2195,0,2195,0,1911,3,0,0,0,0,0,0,2,17,0,0,2,260,0,제주항
20251103,Adora Magic City,4465,49,4416,0,4319,14,10,0,0,0,0,0,4,5,18,45,0,1,0,강정항
20251103,MITSUI OCEAN FUJI,389,2,387,379,6,0,0,0,0,0,0,0,1,0,0,0,1,0,0,제주항
20251102,DREAM,2163,0,2163,0,2130,4,0,0,0,0,0,0,1,17,4,0,0,7,0,제주항
20251102,PIANO LAND,0,0,0,0,0,0,0,0,0,0,0,0,0,0,0,0,0,0,0,강정항
20251031,MSC BELLISSIMA,3982,21,3961,3921,11,0,7,0,0,0,0,0,6,13,1,0,0,2,0,강정항
20251030,Adora Magic City,4757,5,4752,0,4635,7,33,1,1,0,0,0,10,9,8,46,0,2,0,강정항
20251030,ASUKA2,533,12,521,519,0,0,0,0,0,0,0,0,0,2,0,0,0,0,0,제주항
20251028,DREAM,1281,0,1281,0,1248,4,0,0,0,1,0,0,5,16,0,0,0,7,0,제주항
20251028,Star Navigator,2037,15,2022,1,2,20,1406,34,81,2,83,6,44,9,2,10,0,322,0,강정항
20251027,PIANO LAND,78,67,11,0,9,0,0,0,0,0,0,0,1,1,0,0,0,0,0,강정항
20251026,Spectrum of the seas,4675,9,4666,2,1885,41,14,206,77,3,0,12,169,1676,215,159,21,186,0,강정항
20251025,BLUE DREAM MELODY,1457,0,1457,0,1448,0,2,0,0,0,0,0,0,2,0,5,0,0,0,제주항
20251024,Adora Magic City,4859,5,4854,2,4430,36,7,3,5,82,1,0,70,10,156,45,0,7,0,강정항
20251024,DREAM,2168,0,2168,0,2138,4,0,0,0,0,0,0,0,18,0,0,0,8,0,제주항
20251023,BLUE DREAM MELODY,0,0,0,0,0,0,0,0,0,0,0,0,0,0,0,0,0,0,0,강정항
20251023,ZHAO SHANG YI DUN,846,0,846,1,21,2,0,2,0,1,0,0,659,49,58,52,1,0,0,제주항
20251022,Coral Geographer,89,0,89,5,0,0,0,0,0,2,0,0,0,6,0,71,0,5,0,제주항
20251021,BLUE DREAM MELODY,1436,0,1436,0,1434,0,0,0,0,0,0,0,0,1,1,0,0,0,0,제주항
20251020,Norwegian Spirit,1934,40,1894,1,3,8,4,3,0,8,0,1,754,257,363,448,0,44,0,제주항
20251019,BLUE DREAM MELODY,1122,3,1119,0,1117,0,1,1,0,0,0,0,0,0,0,0,0,0,0,강정항
20251019,DREAM,0,0,0,0,0,0,0,0,0,0,0,0,0,0,0,0,0,0,0,제주항
20251018,PANSTAR MIRACLE,0,0,0,0,0,0,0,0,0,0,0,0,0,0,0,0,0,0,0,제주항
20251018,Spectrum of the seas,5015,45,4970,10,4551,20,31,26,71,8,0,23,50,54,14,26,1,85,0,강정항
20251017,Adora Magic City,4309,59,4250,0,4216,4,12,0,0,0,0,0,10,1,5,0,0,2,0,강정항
20251017,MSC BELLISSIMA,4009,30,3979,2067,27,10,35,2,6,3,4,14,264,805,194,175,49,324,0,강정항
20251017,Norwegian Spirit,1960,12,1948,12,20,6,8,5,4,0,0,0,0,1152,337,356,8,40,0,제주항
20251016,Silver Moon,554,0,554,2,0,0,0,9,1,0,0,2,202,177,58,103,0,0,0,제주항
20251015,BLUE DREAM MELODY,1446,3,1443,1,1439,3,0,0,0,0,0,0,0,0,0,0,0,0,0,강정항
20251014,Coral Geographer,93,0,93,4,0,0,0,1,0,0,0,0,8,2,2,76,0,0,0,제주항
20251014,DREAM,2249,0,2249,0,2214,3,0,0,0,0,0,0,2,19,3,0,0,8,0,강정항
20251013,Adora Magic City,4902,74,4828,2,4681,56,7,0,0,0,1,0,17,5,42,15,0,2,0,강정항
20251012,Ovation of The Seas,0,0,0,0,0,0,0,0,0,0,0,0,0,0,0,0,0,0,0,강정항
20251011,BLUE DREAM MELODY,1458,0,1458,0,1451,1,0,0,0,0,0,0,0,3,3,0,0,0,0,강정항
20251010,MSC BELLISSIMA,3957,29,3928,3890,14,0,5,0,0,1,0,0,4,7,0,0,0,7,0,강정항
20251009,Adora Magic City,4859,0,4859,1,4792,13,2,2,4,29,0,0,2,3,1,3,0,7,0,강정항
20251008,DREAM,2222,0,2222,1,2180,2,0,0,0,0,0,0,0,24,2,5,0,8,0,강정항
20251008,HANSEATIC SPIRIT,131,0,131,2,1,0,0,0,0,0,0,0,1,127,0,0,0,0,0,제주항
20251007,BLUE DREAM MELODY,1477,0,1477,0,1454,2,5,0,1,0,0,0,6,0,4,5,0,0,0,강정항
20251004,DREAM,2268,0,2268,0,2224,1,5,0,0,0,0,0,8,18,1,3,0,8,0,제주항
20251001,MSC BELLISSIMA,3548,34,3514,3448,20,0,21,1,0,0,0,1,5,12,0,2,0,4,0,강정항
20250928,Adora Magic City,4974,47,4927,1,4874,10,5,1,0,1,0,2,7,7,3,14,0,2,0,강정항
20250925,Celebrity Millennium,2187,6,2181,2,4,4,17,2,13,18,0,1,851,583,351,283,2,50,0,제주항
20250925,DREAM,2201,3,2198,0,2156,1,0,0,0,0,0,0,1,18,6,2,0,14,0,강정항
20250924,Adora Magic City,4947,49,4898,1,4838,3,8,3,4,5,0,0,4,10,8,12,0,2,0,강정항
20250924,MITSUI OCEAN FUJI,104,1,103,98,0,0,0,0,0,0,0,0,1,3,1,0,0,0,0,제주항
20250923,Norwegian Spirit,0,0,0,0,0,0,0,0,0,0,0,0,0,0,0,0,0,0,0,제주항
20250922,MSC BELLISSIMA,0,0,0,0,0,0,0,0,0,0,0,0,0,0,0,0,0,0,0,강정항
20250920,Adora Magic City,4934,45,4889,1,4861,0,7,0,0,1,0,0,1,5,7,3,0,3,0,강정항
20250920,DREAM,2213,0,2213,1,2178,4,0,0,0,0,0,0,3,18,3,0,0,6,0,제주항
20250916,Adora Magic City,4752,5,4747,0,4535,30,7,0,56,1,0,0,14,8,39,53,0,4,0,강정항
20250916,Diamond Princess,2614,9,2605,2559,6,1,8,0,0,0,0,1,10,8,3,5,0,4,0,강정항
20250915,DREAM,2270,0,2270,0,2220,1,0,0,0,0,0,0,1,18,3,0,3,24,0,제주항
20250914,ASUKA3,625,5,620,618,0,0,0,0,0,0,0,0,0,2,0,0,0,0,0,제주항
20250913,Adora Mediterranea,2555,0,2555,0,2549,2,0,0,0,0,0,0,1,2,0,0,1,0,0,제주항
20250913,MSC BELLISSIMA,2836,15,2821,2707,1,0,3,0,0,1,0,1,35,22,45,0,0,6,0,강정항
20250912,Adora Magic City,4857,9,4848,0,4800,0,11,2,0,0,0,0,15,15,3,2,0,0,0,강정항
20250912,MITSUI OCEAN FUJI,155,1,154,149,0,0,0,0,0,0,0,0,2,1,2,0,0,0,0,제주항
20250910,DREAM,2190,0,2190,0,2149,2,1,0,0,0,0,0,1,18,4,0,3,12,0,제주항
20250909,Adora Magic City,4305,2,4303,0,4284,8,0,0,0,0,1,1,1,1,1,1,0,5,0,강정항
20250908,Adora Mediterranea,2631,0,2631,0,2619,3,0,0,0,0,0,0,6,1,2,0,0,0,0,제주항
20250907,MITSUI OCEAN FUJI,185,0,185,172,0,0,3,0,0,0,0,5,1,1,1,0,0,2,0,제주항
20250906,Adora Magic City,4958,0,4958,1,4907,10,7,0,2,1,0,0,13,8,5,4,0,0,0,강정항
20250905,DREAM,1755,0,1755,0,1720,2,2,0,0,0,0,0,2,18,1,2,3,5,0,제주항
20250904,Adora Mediterranea,2579,0,2579,0,2573,0,0,0,1,0,0,2,1,2,0,0,0,0,0,강정항
20250904,MSC BELLISSIMA,5302,0,5302,4,4800,5,23,0,0,3,0,0,5,441,2,4,1,14,0,강정항
20250904,Norwegian Spirit,1991,40,1951,6,18,0,6,2,2,4,0,3,759,519,182,350,17,83,0,제주항
20250901,Norwegian Spirit,2029,15,2014,28,9,1,8,11,5,9,0,1,682,399,416,400,10,35,0,제주항
20250831,Adora Magic City,4846,59,4787,0,4746,8,11,0,7,0,0,0,7,5,3,0,0,0,0,강정항
20250831,DREAM,1778,0,1778,0,1748,3,0,0,0,0,0,0,4,10,0,1,4,8,0,제주항
20250830,MITSUI OCEAN FUJI,336,4,332,300,1,0,0,0,0,0,0,0,22,5,3,0,0,1,0,제주항
20250830,Spectrum of the seas,5217,105,5112,7,4768,15,19,42,15,26,78,0,28,52,6,1,0,55,0,강정항
20250830,Villa Vie Odyssey,337,0,337,1,1,0,0,1,1,0,0,0,268,21,15,24,2,3,0,강정항
20250827,Adora Magic City,5007,1,5006,4,4927,22,6,26,9,2,0,0,6,1,1,2,0,0,0,강정항
20250826,Adora Mediterranea,2601,0,2601,0,2584,3,2,0,0,0,0,0,5,6,1,0,0,0,0,강정항
20250826,Celebrity Millennium,2329,10,2319,49,3,22,19,12,9,9,0,0,579,721,432,413,8,43,0,제주항
20250826,DREAM,2132,0,2132,0,2097,4,1,0,0,0,0,0,3,5,4,0,7,11,0,강정항
20250824,BLUE DREAM MELODY,1103,0,1103,0,1102,0,0,0,0,0,0,0,1,0,0,0,0,0,0,강정항
20250823,Adora Magic City,5115,1,5114,3,5019,18,11,2,0,0,0,0,20,12,2,6,0,21,0,강정항
20250821,DREAM,2259,0,2259,0,2211,4,0,1,5,0,0,0,1,3,2,0,10,22,0,제주항
20250820,Adora Mediterranea,2599,1,2598,0,2574,6,1,0,0,0,0,0,9,6,2,0,0,0,0,제주항
20250820,BLUE DREAM MELODY,906,0,906,0,898,0,3,0,0,0,0,0,0,4,0,1,0,0,0,강정항
20250818,MSC BELLISSIMA,5495,0,5495,1,5030,12,6,2,3,1,0,0,24,376,4,3,1,32,0,강정항
20250816,BLUE DREAM MELODY,579,0,579,0,577,0,0,0,0,0,0,1,1,0,0,0,0,0,0,강정항
20250816,DREAM,2157,1,2156,0,2107,3,3,0,0,0,0,0,2,7,4,2,10,18,0,제주항
20250814,Adora Magic City,5118,61,5057,0,5030,6,0,0,0,0,0,0,7,7,6,0,0,1,0,강정항
20250812,BLUE DREAM MELODY,1192,0,1192,2,1181,1,2,0,0,0,0,1,2,3,0,0,0,0,0,강정항
20250812,NIPPON MARU,206,0,206,204,1,0,0,0,0,0,0,0,1,0,0,0,0,0,0,제주항
20250811,DREAM,1678,0,1678,0,1591,17,1,0,0,0,0,0,6,4,2,2,11,44,0,강정항
20250811,Norwegian Spirit,2105,42,2063,17,5,13,11,2,6,72,0,0,440,652,303,504,12,26,0,제주항
20250810,Adora Magic City,5080,1,5079,3,5032,4,10,0,0,0,0,0,13,10,6,1,0,0,0,강정항
20250808,BLUE DREAM MELODY,1536,0,1536,0,1533,2,0,0,0,0,0,1,0,0,0,0,0,0,0,강정항
20250808,Norwegian Spirit,2188,42,2146,16,18,4,5,9,2,1,10,6,642,752,292,311,17,61,0,제주항
20250806,Adora Magic City,5107,1,5106,2,5070,5,6,1,0,0,0,0,5,10,6,1,0,0,0,강정항
20250806,DREAM,1837,2,1835,0,1793,4,2,0,0,0,0,0,0,1,4,0,11,20,0,제주항
20250804,Adora Mediterranea,2411,0,2411,2,2381,2,2,1,0,0,0,0,9,8,6,0,0,0,0,제주항
20250804,BLUE DREAM MELODY,1531,0,1531,0,1526,0,0,0,1,0,0,1,0,0,0,1,0,2,0,강정항
20250801,DREAM,1234,14,1220,0,1176,5,0,0,0,0,0,0,0,1,6,0,12,20,0,제주항
20250731,BLUE DREAM MELODY,1394,0,1394,0,1392,0,0,0,0,0,0,1,0,0,0,0,0,1,0,제주항
20250730,Adora Mediterranea,2182,0,2182,0,2157,0,1,0,0,0,0,0,3,5,5,2,0,9,0,제주항
20250727,BLUE DREAM MELODY,1572,0,1572,0,1571,0,0,0,0,0,0,1,0,0,0,0,0,0,0,강정항
20250727,DREAM,1072,0,1072,1,1035,3,0,0,0,0,0,0,2,4,4,0,12,11,0,제주항
20250725,Adora Magic City,2564,43,2521,0,2459,29,3,0,0,0,0,1,14,6,3,3,0,3,0,강정항
20250725,Adora Mediterranea,1521,0,1521,0,1512,2,0,0,0,0,0,0,3,0,4,0,0,0,0,제주항
20250724,BLUE DREAM MELODY,1377,0,1377,0,1357,6,0,0,1,0,0,1,5,6,0,0,1,0,0,제주항
20250723,Diamond Princess,2935,14,2921,2091,9,8,74,2,4,2,0,2,464,61,128,42,0,34,0,강정항
20250723,MITSUI OCEAN FUJI,0,0,0,0,0,0,0,0,0,0,0,0,0,0,0,0,0,0,0,제주항
20250723,MSC BELLISSIMA,5407,0,5407,0,4705,32,18,2,0,0,0,0,18,566,12,5,2,47,0,강정항
20250722,Celebrity Millennium,2474,0,2474,27,16,11,4,11,0,0,0,1,1031,370,819,146,8,30,0,제주항
20250722,DREAM,972,0,972,0,927,7,0,0,0,0,0,0,2,1,4,0,10,21,0,강정항
20250721,Adora Mediterranea,1585,0,1585,2,1571,4,0,0,0,0,0,0,3,1,2,2,0,0,0,제주항
20250720,Adora Magic City,5056,0,5056,10,4971,26,3,0,0,0,0,1,20,19,4,0,0,2,0,강정항
20250719,MSC BELLISSIMA,5455,4,5451,1,5169,12,7,1,1,0,0,0,11,222,10,1,0,16,0,강정항
20250717,Diamond Princess,2863,12,2851,952,11,26,142,19,31,26,0,5,937,112,155,328,0,107,0,강정항
20250717,DREAM,1451,0,1451,0,1394,6,0,0,0,0,0,0,3,4,3,0,10,31,0,제주항
20250717,Norwegian Spirit,2302,28,2274,1,8,0,0,4,4,0,0,1,1017,555,566,40,4,74,0,강정항
20250716,Adora Magic City,5123,0,5123,0,5077,10,5,0,0,0,0,0,18,6,3,1,2,1,0,강정항
20250715,Adora Mediterranea,1662,0,1662,0,1638,1,0,0,0,0,0,0,14,8,1,0,0,0,0,제주항
20250714,Norwegian Spirit,2239,10,2229,5,7,4,0,1,2,0,0,2,1077,412,540,117,21,41,0,제주항
20250712,DREAM,2175,0,2175,0,2102,4,1,0,0,0,0,0,10,1,2,0,10,45,0,제주항
20250711,Adora Magic City,4990,0,4990,0,4931,2,3,0,0,0,0,0,20,11,7,9,1,6,0,강정항
20250710,Adora Mediterranea,2372,0,2372,0,2359,2,0,0,0,0,0,0,5,6,0,0,0,0,0,제주항
20250709,BLUE DREAM MELODY,1475,0,1475,0,1469,1,0,0,0,0,0,1,1,2,0,1,0,0,0,강정항
20250708,MSC BELLISSIMA,4855,2,4853,3,5,0,4769,2,5,8,2,4,34,7,5,4,1,4,0,강정항
20250708,Star Navigator,1988,2,1986,0,2,13,1907,28,8,1,1,6,4,2,1,0,0,13,0,제주항
20250707,Adora Magic City,4881,35,4846,0,4798,9,7,0,0,0,0,0,14,9,0,8,1,0,0,강정항
20250707,ZHAO SHANG YI DUN,242,6,236,1,217,3,3,0,0,0,0,0,3,4,5,0,0,0,0,강정항
20250705,Adora Mediterranea,2270,0,2270,0,2225,0,0,0,0,0,0,0,19,4,10,3,0,9,0,제주항
20250705,BLUE DREAM MELODY,1254,0,1254,0,1240,1,2,0,1,0,0,1,3,2,4,0,0,0,0,강정항
20250705,Costa Serena,3218,7,3211,31,2,0,3085,0,11,5,0,4,14,9,0,0,0,50,0,강정항
20250703,Adora Magic City,4757,30,4727,0,4694,3,5,0,0,0,0,0,15,5,5,0,0,0,0,강정항
20250703,BLUE DREAM MELODY,1360,0,1360,0,1351,1,1,0,0,0,0,1,5,0,1,0,0,0,0,강정항
20250630,Adora Mediterranea,2557,0,2557,0,2518,0,4,0,0,0,0,0,7,0,6,0,0,22,0,제주항
20250629,Adora Magic City,5043,39,5004,1,4938,16,1,0,0,2,0,0,19,20,4,3,0,0,0,강정항
20250627,BLUE DREAM MELODY,1479,0,1479,0,1476,0,0,0,0,0,0,1,2,0,0,0,0,0,0,강정항
20250626,Adora Mediterranea,1969,0,1969,0,1967,0,0,0,0,0,0,0,2,0,0,0,0,0,0,강정항
20250626,Norwegian Spirit,2171,54,2117,0,12,2,4,11,10,14,5,1,1217,298,230,233,13,67,0,제주항
20250625,Adora Magic City,4897,46,4851,0,4738,14,12,1,8,4,14,0,31,9,0,0,0,20,0,강정항
20250623,BLUE DREAM MELODY,1193,0,1193,1,1186,6,0,0,0,0,0,0,0,0,0,0,0,0,0,강정항
20250623,Norwegian Spirit,2140,14,2126,2,2,0,11,18,4,12,1,3,1288,217,179,254,6,129,0,제주항
20250623,ZHAO SHANG YI DUN,376,6,370,1,345,4,5,1,0,0,0,0,8,4,0,0,0,2,0,강정항
20250622,DREAM,2094,0,2094,0,2025,5,1,5,1,2,0,0,2,5,9,1,10,28,0,제주항
20250621,Adora Magic City,4688,5,4683,0,4625,12,1,3,6,0,1,0,22,4,7,0,0,2,0,강정항
20250621,Costa Serena,2530,296,2234,443,1550,0,7,0,0,2,1,7,12,9,5,0,2,196,0,강정항
20250621,PANSTAR MIRACLE,0,0,0,0,0,0,0,0,0,0,0,0,0,0,0,0,0,0,0,제주항
20250620,Adora Mediterranea,2320,0,2320,0,1398,1,0,2,0,0,0,0,6,153,5,0,0,755,0,제주항
20250619,BLUE DREAM MELODY,1171,0,1171,0,1169,1,1,0,0,0,0,0,0,0,0,0,0,0,0,강정항
20250619,ZHAO SHANG YI DUN,186,1,185,2,114,0,2,0,0,18,2,0,5,2,5,1,1,33,0,제주항
20250618,Adora Magic City,4309,51,4258,0,4188,19,4,4,0,0,0,0,13,3,5,4,0,18,0,강정항
20250617,BLUE DREAM MELODY,1310,0,1310,0,1304,4,1,0,0,0,0,0,1,0,0,0,0,0,0,강정항
20250617,Costa Serena,2781,308,2473,729,1519,2,2,0,0,0,4,15,12,18,1,1,1,169,0,강정항
20250615,Adora Mediterranea,2545,1,2544,0,2538,0,0,0,0,0,0,0,4,2,0,0,0,0,0,제주항
20250614,Adora Magic City,4764,0,4764,0,4729,15,8,2,0,0,0,0,1,3,1,2,0,3,0,강정항
20250613,Costa Serena,2348,17,2331,566,1633,5,2,1,0,0,0,0,6,20,1,2,0,95,0,강정항
20250612,DREAM,2202,0,2202,0,2133,3,2,0,0,0,0,0,2,3,7,0,10,42,0,제주항
20250611,BLUE DREAM MELODY,1349,0,1349,0,1340,0,2,0,0,0,0,0,2,1,2,0,0,2,0,강정항
20250611,Diamond Princess,2776,32,2744,1010,11,43,70,20,14,2,1,3,889,84,180,314,3,100,0,강정항
20250610,Adora Mediterranea,2513,0,2513,0,2495,0,0,3,0,0,0,0,7,2,0,0,0,6,0,제주항
20250609,Celebrity Millennium,2353,15,2338,5,1,9,10,6,4,0,1,3,1106,454,324,320,9,86,0,제주항
20250608,Adora Magic City,4822,54,4768,0,4699,28,6,0,0,0,0,0,8,1,1,1,0,24,0,강정항
20250607,BLUE DREAM MELODY,1320,0,1320,0,1313,2,2,0,1,0,0,0,1,0,0,0,0,1,0,강정항
20250606,DREAM,2141,0,2141,0,2114,4,0,0,0,0,0,0,2,1,6,0,9,5,0,제주항
20250605,Norwegian Spirit,2111,36,2075,7,19,0,7,7,3,1,1,5,1045,442,289,108,0,141,0,제주항
20250604,Adora Magic City,4749,0,4749,0,4642,12,8,8,43,4,0,0,7,5,0,2,0,18,0,강정항
20250604,ZHAO SHANG YI DUN,901,1,900,775,15,0,10,0,0,20,2,0,19,12,8,3,2,34,0,제주항
20250603,Adora Mediterranea,2611,0,2611,0,2605,2,2,0,0,0,0,0,1,1,0,0,0,0,0,제주항
20250603,BLUE DREAM MELODY,1238,0,1238,0,1237,0,0,0,1,0,0,0,0,0,0,0,0,0,0,강정항
20250602,DREAM,1474,0,1474,0,1428,3,2,0,0,0,0,0,4,2,9,0,7,19,0,제주항
20250602,MSC BELLISSIMA,3946,33,3913,3873,13,0,4,0,0,0,0,3,1,9,1,0,0,9,0,강정항
20250530,Adora Magic City,4823,0,4823,0,4706,50,54,0,4,4,0,0,0,0,1,3,0,1,0,강정항
20250530,Adora Mediterranea,2618,0,2618,0,2612,0,0,0,0,0,0,0,3,0,1,1,1,0,0,제주항
20250530,BLUE DREAM MELODY,1347,0,1347,0,1345,1,0,0,0,0,0,0,1,0,0,0,0,0,0,강정항
20250528,DREAM,1454,0,1454,0,1408,3,0,0,0,0,0,0,4,1,6,0,7,25,0,제주항
20250526,Adora Magic City,4423,0,4423,0,3908,328,26,66,4,32,0,1,11,8,8,29,0,2,0,강정항
20250526,BLUE DREAM MELODY,1194,0,1194,0,1191,0,0,0,1,0,0,0,0,0,2,0,0,0,0,강정항
20250525,Adora Mediterranea,2513,0,2513,0,2501,1,1,0,0,0,0,0,9,0,1,0,0,0,0,제주항
20250523,DREAM,1618,0,1618,0,1581,3,0,0,0,0,0,0,0,1,10,0,8,15,0,제주항
20250522,Adora Magic City,4579,0,4579,1,4528,9,0,1,2,26,0,0,6,0,4,2,0,0,0,강정항
20250522,BLUE DREAM MELODY,1005,0,1005,0,1004,0,1,0,0,0,0,0,0,0,0,0,0,0,0,강정항
20250521,Adora Mediterranea,2425,0,2425,0,2413,3,1,0,4,0,0,0,2,0,2,0,0,0,0,제주항
20250518,Adora Magic City,4383,0,4383,0,4323,11,5,0,0,0,0,0,8,5,7,11,0,13,0,강정항
20250518,BLUE DREAM MELODY,1201,0,1201,0,1201,0,0,0,0,0,0,0,0,0,0,0,0,0,0,강정항
20250518,DREAM,1825,0,1825,0,1781,3,0,0,0,0,0,0,0,2,9,0,8,22,0,제주항
20250517,Adora Mediterranea,2507,0,2507,0,2502,0,0,0,1,0,0,0,2,2,0,0,0,0,0,제주항
20250515,Norwegian Spirit,1992,66,1926,0,9,8,4,4,6,0,1,2,747,271,397,372,14,91,0,제주항
20250514,Adora Magic City,4586,2,4584,0,4452,13,0,0,1,55,1,0,7,7,7,23,0,18,0,강정항
20250514,BLUE DREAM MELODY,1307,0,1307,0,1305,0,1,0,1,0,0,0,0,0,0,0,0,0,0,강정항
20250514,MS Regatta,652,0,652,3,0,3,1,1,0,0,0,0,420,54,100,68,0,2,0,제주항
20250513,Adora Mediterranea,0,0,0,0,0,0,0,0,0,0,0,0,0,0,0,0,0,0,0,제주항
20250513,DREAM,1792,0,1792,0,1734,3,0,1,0,0,0,0,3,1,7,2,6,35,0,제주항
20250512,BLUE DREAM MELODY,1272,0,1272,0,1254,2,0,0,0,0,0,13,3,0,0,0,0,0,0,강정항
20250512,Norwegian Spirit,1967,5,1962,6,4,11,11,16,28,0,0,2,711,383,352,407,3,28,0,제주항
20250510,Adora Magic City,4824,5,4819,0,4815,0,2,0,0,0,0,0,0,2,0,0,0,0,0,강정항
20250510,Celebrity Millennium,2182,2,2180,6,13,13,9,4,6,13,0,3,844,562,398,219,11,79,0,제주항
20250510,Ovation of The Seas,4178,62,4116,16,1023,27,13,202,105,27,0,12,347,1304,196,643,4,197,0,강정항
20250509,Queen Elizabeth,0,0,0,0,0,0,0,0,0,0,0,0,0,0,0,0,0,0,0,제주항
20250508,BLUE DREAM MELODY,1102,0,1102,0,1101,0,0,0,1,0,0,0,0,0,0,0,0,0,0,강정항
20250508,DREAM,1702,0,1702,1,1667,6,1,0,0,0,0,0,4,2,7,0,7,7,0,제주항
20250506,Adora Magic City,4559,41,4518,0,4409,24,38,0,0,20,4,0,9,8,4,0,0,2,0,강정항
20250504,DREAM,1608,1,1607,0,1568,6,0,0,0,0,0,0,2,6,9,1,7,8,0,제주항
20250504,Ovation of The Seas,4696,11,4685,6,4339,16,6,18,6,0,0,0,54,134,10,26,1,69,0,강정항
20250502,BLUE DREAM MELODY,1537,0,1537,0,1519,1,2,0,0,0,0,0,4,9,2,0,0,0,0,강정항
20250501,Adora Magic City,4876,4,4872,0,4760,11,19,2,20,1,0,0,29,8,4,11,0,7,0,강정항
20250430,MS Regatta,0,0,0,0,0,0,0,0,0,0,0,0,0,0,0,0,0,0,0,제주항
20250429,DREAM,2121,0,2121,0,2091,3,0,0,0,0,0,0,2,5,9,0,7,4,0,제주항
20250428,BLUE DREAM MELODY,1580,0,1580,0,1571,5,1,0,0,0,0,0,0,0,0,0,0,3,0,강정항
20250427,MSC BELLISSIMA,4016,32,3984,3927,14,1,6,0,0,0,0,2,18,7,3,0,1,5,0,강정항
20250425,Adora Magic City,4747,0,4747,0,4688,17,3,0,4,13,0,0,2,11,2,5,0,2,0,강정항
20250425,Scenic Eclipse II,219,0,219,1,0,0,0,0,0,0,0,0,14,25,23,156,0,0,0,제주항
20250424,DREAM,2255,0,2255,1,2213,1,0,0,0,0,0,0,5,1,6,0,7,21,0,제주항
20250423,Diamond Princess,0,0,0,0,0,0,0,0,0,0,0,0,0,0,0,0,0,0,0,강정항
20250422,ANTHEM OF THE SEAS,4046,27,4019,67,9,3,2,523,182,54,0,13,1419,538,452,582,31,144,0,강정항
20250421,Adora Magic City,4785,0,4785,0,4723,16,6,4,0,0,0,0,2,15,0,0,0,19,0,강정항
20250420,DREAM,2214,0,2214,1,2188,4,0,0,0,0,0,0,1,1,6,0,10,3,0,강정항
20250420,MITSUI OCEAN FUJI,345,0,345,330,2,0,0,0,1,0,0,0,7,4,0,0,0,1,0,제주항
20250418,MSC BELLISSIMA,3889,29,3860,3824,18,0,0,0,0,0,0,2,2,11,0,0,0,3,0,강정항
20250417,Adora Magic City,4542,0,4542,0,4477,8,5,2,6,35,0,0,1,2,0,5,0,1,0,강정항
20250416,BLUE DREAM MELODY,1508,0,1508,0,1508,0,0,0,0,0,0,0,0,0,0,0,0,0,0,강정항
20250415,DREAM,0,0,0,0,0,0,0,0,0,0,0,0,0,0,0,0,0,0,0,제주항
20250413,Adora Magic City,4931,1,4930,0,4920,5,0,1,1,0,0,0,0,0,0,3,0,0,0,강정항
20250413,Silver Whisper,0,0,0,0,0,0,0,0,0,0,0,0,0,0,0,0,0,0,0,제주항
20250412,BLUE DREAM MELODY,1513,0,1513,0,1508,0,2,0,3,0,0,0,0,0,0,0,0,0,0,강정항
20250410,DREAM,2192,0,2192,1,2123,2,0,0,0,0,0,0,2,1,7,0,9,47,0,강정항
20250410,ZHAO SHANG YI DUN,388,2,386,263,9,2,14,13,5,20,2,0,2,7,12,1,2,34,0,제주항
20250409,Adora Magic City,4215,0,4215,0,4203,3,1,0,0,0,0,0,1,4,2,0,0,1,0,강정항
20250408,BLUE DREAM MELODY,1485,0,1485,0,1481,0,1,0,3,0,0,0,0,0,0,0,0,0,0,강정항
20250406,MSC BELLISSIMA,3709,195,3514,664,69,13,166,24,1,45,23,27,438,1467,240,207,15,115,0,강정항
20250405,DREAM,856,0,856,1,827,2,2,0,0,0,0,0,2,1,7,0,10,4,0,제주항
20250404,BLUE DREAM MELODY,1521,0,1521,0,1517,0,1,0,3,0,0,0,0,0,0,0,0,0,0,강정항
20250404,Celebrity Millennium,2154,0,2154,7,4,19,19,1,0,3,2,1,668,672,535,179,18,26,0,제주항
20250404,Mein Schiff 6,2414,0,2414,0,7,0,0,0,0,0,0,1,2,2395,0,0,0,9,0,강정항
20250403,Norwegian Spirit,1925,59,1866,2,4,9,18,4,3,2,0,5,736,253,448,364,0,18,0,제주항
20250403,ZHAO SHANG YI DUN,275,4,271,149,9,0,29,8,0,20,2,0,0,9,8,1,2,34,0,강정항
20250402,Adora Magic City,4740,0,4740,0,4687,16,8,0,1,0,0,0,4,7,10,5,0,2,0,강정항
20250401,DREAM,1880,0,1880,2,1816,2,0,0,0,0,0,0,4,1,6,0,12,37,0,강정항
20250401,Norwegian Spirit,1977,14,1963,17,20,27,5,1,6,7,74,1,439,583,152,402,41,188,0,제주항
20250331,BLUE DREAM MELODY,1458,1,1457,0,1442,1,1,0,3,0,0,1,0,7,0,0,0,2,0,강정항
20250329,Costa Serena,3461,6,3455,36,10,3,3359,1,11,9,1,0,5,14,6,0,0,0,0,강정항
20250328,Adora Magic City,4717,5,4712,4,4579,37,6,1,8,4,0,0,7,0,13,48,0,5,0,강정항
20250327,BLUE DREAM MELODY,1500,0,1500,0,1496,0,1,0,3,0,0,0,0,0,0,0,0,0,0,강정항
20250327,DREAM,1619,1,1618,1,1581,4,0,0,0,0,0,0,1,1,4,0,13,13,0,강정항
20250327,ZHAO SHANG YI DUN,255,0,255,149,10,4,16,0,0,20,2,0,0,8,7,1,2,36,0,제주항
20250324,Adora Magic City,4246,0,4246,3,4172,23,6,1,0,0,0,0,2,5,1,2,0,31,0,강정항
20250323,BLUE DREAM MELODY,1464,0,1464,0,1459,0,2,0,2,0,0,0,1,0,0,0,0,0,0,강정항
20250323,Celebrity Millennium,2147,0,2147,16,0,3,2,5,2,0,2,2,717,746,453,188,2,9,0,제주항
20250322,AIDA STELLA,2191,0,2191,0,0,0,0,0,0,0,0,2,2,2184,1,0,0,2,0,제주항
20250322,DREAM,1922,0,1922,1,1851,3,0,0,0,0,0,0,1,1,3,0,13,49,0,강정항
20250321,BLUE DREAM MELODY,1461,0,1461,0,1457,0,1,0,3,0,0,0,0,0,0,0,0,0,0,강정항
20250321,Noordam,0,0,0,0,0,0,0,0,0,0,0,0,0,0,0,0,0,0,0,제주항
20250320,Adora Magic City,4221,5,4216,0,4101,76,0,4,0,0,0,0,3,15,6,2,0,9,0,강정항
20250320,PIANO LAND,0,0,0,0,0,0,0,0,0,0,0,0,0,0,0,0,0,0,0,강정항
20250320,ZHAO SHANG YI DUN,248,1,247,110,14,6,42,0,0,20,2,0,0,10,7,1,1,34,0,제주항
20250318,Europa 2,0,0,0,0,0,0,0,0,0,0,0,0,0,0,0,0,0,0,0,제주항
20250318,MSC BELLISSIMA,0,0,0,0,0,0,0,0,0,0,0,0,0,0,0,0,0,0,0,강정항
20250317,BLUE DREAM MELODY,1452,0,1452,0,1449,0,1,0,2,0,0,0,0,0,0,0,0,0,0,강정항
20250317,DREAM,0,0,0,0,0,0,0,0,0,0,0,0,0,0,0,0,0,0,0,제주항
20250316,PIANO LAND,0,0,0,0,0,0,0,0,0,0,0,0,0,0,0,0,0,0,0,강정항
20250316,Silver Muse,0,0,0,0,0,0,0,0,0,0,0,0,0,0,0,0,0,0,0,제주항
20250315,Adora Magic City,0,0,0,0,0,0,0,0,0,0,0,0,0,0,0,0,0,0,0,강정항
20250314,Norwegian Spirit,0,0,0,0,0,0,0,0,0,0,0,0,0,0,0,0,0,0,0,제주항
20250313,Norwegian Sky,1998,44,1954,24,4,19,7,5,4,4,0,2,1020,235,341,116,1,172,0,제주항
20250312,DREAM,1178,0,1178,1,1118,4,0,0,0,0,0,0,0,1,4,0,12,38,0,강정항
20250312,Norwegian Spirit,1960,12,1948,0,3,21,160,32,16,3,0,4,882,293,344,120,2,68,0,제주항
20250311,Adora Magic City,3878,5,3873,0,3846,6,1,0,7,4,0,0,2,1,0,1,0,5,0,강정항
20250309,BLUE DREAM MELODY,1186,0,1186,0,1179,0,4,0,2,0,0,0,0,0,1,0,0,0,0,강정항
20250308,PIANO LAND,892,0,892,0,883,1,1,0,0,0,0,0,0,2,0,0,0,5,0,제주항
20250307,Adora Magic City,3184,0,3184,0,3123,11,0,2,1,0,0,0,15,2,0,0,0,30,0,강정항
20250307,DREAM,999,0,999,3,962,4,0,0,0,0,0,0,2,1,3,0,12,12,0,제주항
20250306,MSC BELLISSIMA,4709,0,4709,3,4604,10,26,1,4,0,0,0,8,43,9,1,0,0,0,강정항
20250305,BLUE DREAM MELODY,1402,0,1402,0,1397,0,1,0,2,0,0,0,0,2,0,0,0,0,0,강정항
20250304,PIANO LAND,0,0,0,0,0,0,0,0,0,0,0,0,0,0,0,0,0,0,0,제주항
20250303,Adora Magic City,0,0,0,0,0,0,0,0,0,0,0,0,0,0,0,0,0,0,0,강정항
20250302,DREAM,1545,1,1544,1,1424,5,0,0,0,0,0,0,2,2,3,0,12,95,0,제주항
20250228,PIANO LAND,673,1,672,0,667,0,0,0,0,0,0,0,0,0,0,0,0,5,0,제주항
20250227,Adora Magic City,2948,0,2948,0,2942,1,1,0,0,0,0,0,0,2,1,1,0,0,0,강정항
20250227,BLUE DREAM MELODY,1150,0,1150,0,1144,1,1,0,3,0,0,0,0,0,0,0,0,1,0,제주항
20250227,MS Seven Seas Explorer,720,0,720,3,1,1,0,11,0,2,0,29,353,219,40,59,2,0,0,강정항
20250225,DREAM,893,0,893,1,858,4,1,0,0,0,0,0,1,2,4,0,13,9,0,강정항
20250223,Adora Magic City,2919,0,2919,0,2906,6,3,0,0,0,0,0,1,2,0,1,0,0,0,강정항
20250223,BLUE DREAM MELODY,1276,0,1276,0,1268,2,1,0,3,0,0,0,0,0,0,0,0,2,0,강정항
20250220,DREAM,1673,0,1673,1,1616,3,2,0,1,0,0,0,4,1,3,0,12,30,0,강정항
20250219,Adora Magic City,3833,0,3833,0,3789,17,4,0,0,0,0,0,1,12,2,1,0,7,0,강정항
20250219,BLUE DREAM MELODY,1354,0,1354,0,1349,1,1,0,2,0,0,0,1,0,0,0,0,0,0,제주항
20250218,Crystal Symphony,377,0,377,11,1,4,5,8,4,2,0,0,231,40,45,24,0,2,0,제주항
20250217,MSC BELLISSIMA,0,0,0,0,0,0,0,0,0,0,0,0,0,0,0,0,0,0,0,강정항
20250215,Adora Magic City,1968,5,1963,0,1944,0,1,1,0,0,0,0,3,10,0,0,0,4,0,강정항
20250215,BLUE DREAM MELODY,1377,0,1377,0,1371,0,1,0,3,0,0,2,0,0,0,0,0,0,0,강정항
20250212,PIANO LAND,0,0,0,0,0,0,0,0,0,0,0,0,0,0,0,0,0,0,0,제주항
20250212,Spectrum of the seas,4530,15,4515,3,4223,20,21,12,16,6,17,1,40,79,18,13,4,42,0,강정항
20250211,Adora Magic City,1624,5,1619,0,1598,1,1,0,4,0,0,0,5,7,1,2,0,0,0,강정항
20250211,BLUE DREAM MELODY,992,0,992,0,988,1,1,0,2,0,0,0,0,0,0,0,0,0,0,강정항
20250211,DREAM,1836,0,1836,2,1790,4,2,1,1,0,0,0,6,1,2,1,12,14,0,제주항
20250209,BLUE DREAM MELODY,919,0,919,2,912,1,2,0,2,0,0,0,0,0,0,0,0,0,0,강정항
20250208,PIANO LAND,0,0,0,0,0,0,0,0,0,0,0,0,0,0,0,0,0,0,0,강정항
20250207,Adora Magic City,3612,4,3608,1,3556,14,1,0,2,0,1,0,9,4,5,4,1,10,0,강정항
20250206,DREAM,0,0,0,0,0,0,0,0,0,0,0,0,0,0,0,0,0,0,0,제주항
20250204,PIANO LAND,0,0,0,0,0,0,0,0,0,0,0,0,0,0,0,0,0,0,0,제주항
20250203,Adora Magic City,4201,0,4201,0,4181,7,0,0,0,0,0,0,5,1,1,0,0,6,0,강정항
20250203,BLUE DREAM MELODY,1311,2,1309,0,1294,1,1,0,2,0,0,0,9,1,1,0,0,0,0,강정항
20250201,DREAM,1884,0,1884,1,1847,3,3,0,0,0,0,0,6,2,7,2,10,3,0,제주항
20250130,BLUE DREAM MELODY,802,0,802,0,793,3,1,0,2,0,0,0,1,0,1,0,0,1,0,강정항
20250130,PIANO LAND,1903,0,1903,0,1886,0,5,0,0,0,0,0,2,3,1,0,0,6,0,제주항
20250129,Adora Magic City,4547,8,4539,3,4488,23,9,2,0,0,0,0,7,0,5,1,0,1,0,강정항
20250126,DREAM,0,0,0,0,0,0,0,0,0,0,0,0,0,0,0,0,0,0,0,강정항
20250126,PIANO LAND,1793,0,1793,0,1772,0,5,0,0,0,0,0,4,3,0,2,0,7,0,제주항
20250125,Adora Magic City,3424,2,3422,0,3384,14,9,0,0,0,0,0,5,2,5,0,0,3,0,강정항
20250123,PIANO LAND,1269,0,1269,0,1254,0,1,1,1,0,0,0,2,2,3,0,0,5,0,제주항
20250121,Adora Magic City,2833,5,2828,0,2795,5,6,1,0,0,0,0,1,2,2,12,0,4,0,강정항
20250121,DREAM,1606,0,1606,1,1459,5,0,0,0,0,0,0,3,2,8,0,9,119,0,제주항
20250119,PIANO LAND,1393,0,1393,0,1380,0,0,1,0,0,0,0,5,2,0,0,0,5,0,제주항
20250116,Adora Magic City,2504,2,2502,0,2468,4,9,0,0,0,0,0,9,5,2,5,0,0,0,강정항
20250116,DREAM,1046,0,1046,1,918,3,0,0,0,0,0,0,2,1,6,0,9,106,0,제주항
20250114,BLUE DREAM MELODY,874,0,874,0,874,0,0,0,0,0,0,0,0,0,0,0,0,0,0,강정항
20250112,Adora Magic City,1992,2,1990,0,1932,0,2,0,0,16,0,0,7,3,4,11,1,14,0,강정항
20250111,BLUE DREAM MELODY,1209,0,1209,0,1205,1,0,0,0,0,0,0,3,0,0,0,0,0,0,강정항
20250111,DREAM,1577,0,1577,1,1484,2,0,0,1,0,0,0,2,1,7,2,9,68,0,강정항
20250108,ADORA MAGIC CITY,899,0,899,0,889,0,0,0,1,0,0,0,0,2,0,7,0,0,0,강정항
20250106,DREAM,0,0,0,0,0,0,0,0,0,0,0,0,0,0,0,0,0,0,0,제주항
20250104,ADORA MAGIC CITY,1378,0,1378,0,1308,10,0,1,32,0,0,0,7,1,5,14,0,0,0,강정항
20250101,MITSUI OCEAN FUJI,333,3,330,329,0,0,0,0,0,0,0,0,1,0,0,0,0,0,0,제주항
20241231,DREAM,1058,0,1058,1,958,2,0,0,0,0,0,0,0,2,6,0,10,79,0,강정항
20241230,BLUE DREAM MELODY,1348,0,1348,1,1331,5,1,0,1,0,0,1,2,2,1,2,0,1,0,제주항
20241227,BLUE DREAM MELODY,535,0,535,0,527,2,0,0,0,0,0,1,5,0,0,0,0,0,0,강정항
20241227,DREAM,0,0,0,0,0,0,0,0,0,0,0,0,0,0,0,0,0,0,0,강정항
20241226,ADORA MAGIC CITY,2743,0,2743,0,2373,237,6,1,5,4,0,0,27,10,7,26,0,47,0,강정항
20241222,ADORA MAGIC CITY,2479,0,2479,0,2371,18,14,2,14,0,0,0,10,17,5,5,0,23,0,강정항
20241222,DREAM,0,0,0,0,0,0,0,0,0,0,0,0,0,0,0,0,0,0,0,제주항
20241218,ADORA MAGIC CITY,1773,4,1769,0,1732,15,2,0,0,0,0,0,4,5,0,11,0,0,0,강정항
20241218,PIANO LAND,0,0,0,0,0,0,0,0,0,0,0,0,0,0,0,0,0,0,0,강정항
20241217,DREAM,1657,0,1657,1,1614,3,0,0,0,0,0,0,2,1,6,0,10,20,0,제주항
20241214,PIANO LAND,0,0,0,0,0,0,0,0,0,0,0,0,0,0,0,0,0,0,0,강정항
20241213,ADORA MAGIC CITY,1163,0,1163,0,1105,1,8,5,0,0,0,10,3,5,9,9,0,8,0,강정항
20241212,DREAM,1136,0,1136,1,1106,5,4,0,0,0,0,0,1,1,6,0,9,3,0,제주항
20241210,PIANO LAND,1398,0,1398,0,1379,1,2,0,4,0,0,0,1,1,10,0,0,0,0,강정항
20241209,ADORA MAGIC CITY,2046,6,2040,1,1990,12,0,0,0,3,0,0,3,3,2,11,0,15,0,강정항
20241207,DREAM,1552,0,1552,1,1510,3,6,0,8,0,0,0,0,1,7,1,9,6,0,제주항
20241205,ADORA MAGIC CITY,1708,5,1703,2,1591,56,5,0,4,32,0,0,4,1,4,4,0,0,0,강정항
20241202,DREAM,1209,0,1209,1,1186,3,0,0,0,0,0,0,0,1,6,0,9,3,0,제주항
20241201,ADORA MAGIC CITY,1552,6,1546,0,1525,6,4,0,0,0,0,0,6,3,0,2,0,0,0,강정항
20241128,PIANO LAND,686,0,686,0,675,0,0,0,0,0,0,0,0,1,10,0,0,0,0,강정항
20241128,SPECTRUM OF THE SEAS,0,0,0,0,0,0,0,0,0,0,0,0,0,0,0,0,0,0,0,강정항
20241127,ADORA MAGIC CITY,0,0,0,0,0,0,0,0,0,0,0,0,0,0,0,0,0,0,0,강정항
20241127,DREAM,0,0,0,0,0,0,0,0,0,0,0,0,0,0,0,0,0,0,0,제주항
20241124,BLUE DREAM MELODY,991,0,991,0,990,0,0,0,0,0,0,1,0,0,0,0,0,0,0,강정항
20241124,PIANO LAND,686,0,686,0,675,1,0,0,0,0,0,0,0,1,9,0,0,0,0,강정항
20241122,ADORA MAGIC CITY,1591,6,1585,0,1450,41,1,1,0,0,1,0,8,25,7,50,0,1,0,강정항
20241122,DREAM,1205,0,1205,1,1175,5,1,2,0,0,0,0,2,1,6,0,9,3,0,제주항
20241120,MSC BELLISSIMA,3901,26,3875,3835,7,0,11,0,0,1,0,1,9,6,3,1,0,1,0,강정항
20241120,PIANO LAND,792,0,792,0,782,1,0,0,0,0,0,0,0,1,8,0,0,0,0,제주항
20241118,ADORA MAGIC CITY,2253,5,2248,0,2216,5,2,0,0,0,0,0,5,5,10,5,0,0,0,강정항
20241117,DREAM,0,0,0,0,0,0,0,0,0,0,0,0,0,0,0,0,0,0,0,제주항
20241116,NORWEGIAN SPIRIT,1987,42,1945,4,10,22,19,26,17,0,0,3,837,449,367,144,5,42,0,제주항
20241116,PIANO LAND,943,0,943,0,930,1,0,0,0,0,0,0,2,2,8,0,0,0,0,강정항
20241114,ADORA MAGIC CITY,2643,6,2637,0,2620,4,2,0,2,0,0,0,1,2,2,4,0,0,0,강정항
20241114,NORWEGIAN SPIRIT,1966,14,1952,3,0,7,4,5,6,2,1,0,863,381,332,158,8,182,0,제주항
20241113,MEDITERRANEA,617,0,617,0,605,0,0,0,2,0,0,6,0,4,0,0,0,0,0,제주항
20241112,DREAM,498,0,498,1,475,3,0,0,0,0,0,0,0,1,6,0,9,3,0,강정항
20241112,PIANO LAND,1194,0,1194,0,1178,0,1,0,0,0,0,0,1,3,10,1,0,0,0,제주항
20241111,MSC BELLISSIMA,3836,24,3812,3772,15,0,3,0,0,0,0,0,13,6,0,0,0,3,0,강정항
20241110,SPECTRUM OF THE SEAS,0,0,0,0,0,0,0,0,0,0,0,0,0,0,0,0,0,0,0,강정항
20241109,DREAM,2056,0,2056,1,2031,3,1,0,0,0,0,0,2,1,5,0,9,3,0,제주항
20241108,MEDITERRANEA,1520,0,1520,0,1479,0,0,0,0,0,0,7,1,2,5,2,0,24,0,제주항
20241108,PIANO LAND,0,0,0,0,0,0,0,0,0,0,0,0,0,0,0,0,0,0,0,강정항
20241106,ADORA MAGIC CITY,3469,6,3463,1,3241,101,0,3,5,42,0,1,11,9,6,41,0,2,0,강정항
20241105,DREAM,1435,0,1435,2,1410,4,1,0,1,0,0,0,0,1,5,0,9,2,0,제주항
20241104,PIANO LAND,1423,0,1423,0,1414,0,0,0,0,0,0,0,0,1,8,0,0,0,0,제주항
20241103,MEDITERRANEA,682,0,682,0,660,1,0,0,0,0,0,6,3,3,0,0,0,9,0,제주항
20241102,MSC BELLISSIMA,4824,37,4787,4375,35,7,28,3,3,13,9,3,66,73,110,19,0,43,0,강정항
20241101,DREAM,0,0,0,0,0,0,0,0,0,0,0,0,0,0,0,0,0,0,0,강정항
20241031,PIANO LAND,1600,1,1599,0,1584,2,0,0,2,0,0,0,1,1,8,0,0,1,0,제주항
20241029,MEDITERRANEA,1458,0,1458,0,1422,0,0,0,0,0,0,6,0,4,2,0,0,24,0,제주항
20241028,DREAM,1984,0,1984,1,1958,5,0,0,0,0,0,0,1,1,5,0,9,4,0,제주항
20241028,MSC BELLISSIMA,3882,22,3860,3803,27,1,10,0,1,0,2,0,4,4,1,0,0,7,0,강정항
20241027,PIANO LAND,1630,0,1630,0,1617,0,2,0,1,0,0,0,0,2,8,0,0,0,0,제주항
20241026,SPECTRUM OF THE SEAS,4902,0,4902,7,4192,19,10,85,26,29,37,72,48,99,7,13,3,255,0,강정항
20241025,MEDITERRANEA,2040,0,2040,1,2032,0,0,0,0,0,0,6,0,1,0,0,0,0,0,제주항
20241024,DREAM,1434,0,1434,1,1410,3,0,0,0,0,0,0,1,1,5,0,9,4,0,제주항
20241023,PIANO LAND,0,0,0,0,0,0,0,0,0,0,0,0,0,0,0,0,0,0,0,강정항
20241021,ADORA MAGIC CITY,4585,0,4585,0,4493,50,2,1,0,0,0,0,15,4,12,6,2,0,0,강정항
20241020,MEDITERRANEA,0,0,0,0,0,0,0,0,0,0,0,0,0,0,0,0,0,0,0,강정항
20241019,DREAM,2223,0,2223,1,2170,5,0,0,0,1,0,0,5,1,5,0,9,26,0,제주항
20241019,QUANTUM OF THE SEAS,4172,14,4158,73,15,14,13,453,117,25,4,14,783,664,683,1015,10,275,0,강정항
20241017,SPECTRUM OF THE SEAS,4794,5,4789,2,4291,25,7,69,9,3,1,51,63,130,43,35,0,60,0,강정항
20241015,MEDITERRANEA,1505,0,1505,0,1495,1,0,0,0,0,0,6,1,1,1,0,0,0,0,제주항
20241014,DREAM,2075,0,2075,1,2047,7,1,0,0,1,0,0,3,1,4,0,7,3,0,제주항
20241013,NORWEGIAN SPIRIT,1999,67,1932,11,9,13,3,3,26,11,0,4,841,379,332,188,38,74,0,제주항
20241012,SILVER MUSE,430,0,430,1,1,4,0,5,0,0,0,0,142,160,34,80,1,2,0,제주항
20241011,NORWEGIAN SPIRIT,1979,43,1936,13,10,10,7,17,5,0,0,4,964,281,359,179,20,67,0,제주항
20241010,MEDITERRANEA,1275,0,1275,1,1220,0,2,0,0,0,0,6,5,2,1,0,0,38,0,제주항
20241009,DREAM,1845,0,1845,1,1810,6,0,0,0,1,0,0,1,4,4,0,8,10,0,제주항
20241008,ADORA MAGIC CITY,2965,6,2959,2,2894,7,0,0,3,32,0,0,6,10,0,5,0,0,0,강정항
20241007,PIANO LAND,1448,0,1448,1,1434,0,0,0,1,0,0,0,0,1,10,1,0,0,0,제주항
20241003,DREAM,1532,0,1532,1,1480,7,1,0,0,1,0,0,0,3,5,0,9,25,0,강정항
20241003,MEDITERRANEA,2184,0,2184,0,2162,1,0,0,0,0,0,6,4,2,1,6,0,2,0,제주항
20241003,PIANO LAND,1895,3,1892,0,1871,0,2,0,1,0,0,0,2,8,8,0,0,0,0,강정항
20241001,Coral Geographer,121,0,121,4,0,0,0,0,0,0,0,0,11,6,2,98,0,0,0,제주항
20240929,DREAM,1490,0,1490,1,1464,4,1,0,0,1,0,0,4,1,4,0,8,2,0,강정항
20240929,MEDITERRANEA,0,0,0,0,0,0,0,0,0,0,0,0,0,0,0,0,0,0,0,제주항
20240929,MSC BELLISSIMA,0,0,0,0,0,0,0,0,0,0,0,0,0,0,0,0,0,0,0,강정항
20240928,ADORA MAGIC CITY,3523,0,3523,1,3458,18,3,0,0,0,0,0,21,10,6,4,0,2,0,강정항
20240925,PIANO LAND,1934,0,1934,0,1923,0,0,0,2,0,0,0,0,1,8,0,0,0,0,제주항
20240924,ADORA MAGIC CITY,4951,7,4944,0,4902,24,0,0,0,0,0,1,4,2,5,2,0,4,0,강정항
20240924,DREAM,944,0,944,0,916,4,2,1,0,1,0,0,3,3,6,0,8,0,0,제주항
20240924,MSC BELLISSIMA,3859,43,3816,3769,23,0,4,0,0,0,0,0,9,6,0,1,0,4,0,강정항
20240922,PIANO LAND,0,0,0,0,0,0,0,0,0,0,0,0,0,0,0,0,0,0,0,제주항
20240920,ADORA MAGIC CITY,4728,0,4728,1,4535,72,4,3,0,97,0,0,2,2,1,5,0,6,0,강정항
20240920,DREAM,2183,0,2183,1,2147,6,0,0,0,1,0,0,5,3,5,1,7,7,0,제주항
20240919,MEDITERRANEA,2354,0,2354,0,2327,1,1,1,0,0,0,9,6,3,2,0,2,2,0,제주항
20240917,PIANO LAND,0,0,0,0,0,0,0,0,0,0,0,0,0,0,0,0,0,0,0,제주항
20240916,ADORA MAGIC CITY,0,0,0,0,0,0,0,0,0,0,0,0,0,0,0,0,0,0,0,강정항
20240915,DREAM,1844,0,1844,0,1802,3,0,0,1,1,0,0,2,10,4,0,7,14,0,제주항
20240915,MSC BELLISSIMA,3835,21,3814,3753,37,0,10,1,0,0,0,0,4,3,1,2,0,3,0,강정항
20240914,MEDITERRANEA,1375,0,1375,0,1341,1,2,0,1,0,0,9,2,2,1,1,2,13,0,제주항
20240914,PIANO LAND,575,0,575,0,564,0,0,0,1,0,0,0,0,0,8,2,0,0,0,강정항
20240913,PIANO LAND,575,0,575,0,564,0,0,0,1,0,0,0,0,0,8,2,0,0,0,제주항
20240912,ADORA MAGIC CITY,3956,0,3956,0,3916,9,4,0,11,1,0,0,4,7,1,2,0,1,0,강정항
20240910,DREAM,2047,0,2047,0,2025,4,0,0,0,1,0,0,5,3,6,0,3,0,0,제주항
20240909,PIANO LAND,658,0,658,0,648,0,1,0,1,0,0,0,0,0,8,0,0,0,0,제주항
20240908,ADORA MAGIC CITY,3247,6,3241,0,3159,5,0,0,15,0,0,0,6,2,2,2,0,50,0,강정항
20240908,MEDITERRANEA,1229,0,1229,0,1217,1,0,0,0,0,0,9,0,1,0,0,0,1,0,제주항
20240908,Millennium,2181,7,2174,38,9,17,16,6,7,0,1,1,800,508,427,271,2,71,0,강정항
20240905,DREAM,1995,0,1995,1,1969,5,1,0,0,1,0,0,3,6,6,0,3,0,0,제주항
20240905,PIANO LAND,718,0,718,0,708,0,1,0,1,0,0,0,0,0,8,0,0,0,0,강정항
20240904,ADORA MAGIC CITY,4526,0,4526,0,4497,14,5,0,0,0,0,0,1,7,0,0,0,2,0,제주항
20240904,NORWEGIAN SPIRIT,1245,0,1245,0,2,10,1198,1,1,0,0,5,12,9,1,5,0,1,0,강정항
20240903,MEDITERRANEA,735,0,735,0,719,2,2,1,0,0,0,9,1,1,0,0,0,0,0,제주항
20240902,MSC BELLISSIMA,4400,0,4400,1,4161,29,36,3,0,0,124,1,12,19,3,6,1,4,0,강정항
20240901,PIANO LAND,1173,0,1173,0,1159,4,0,0,1,0,0,0,0,1,8,0,0,0,0,제주항
20240831,DREAM,1213,0,1213,0,1195,3,0,0,0,1,0,0,1,4,6,0,3,0,0,강정항
20240830,BLUE DREAM MELODY,337,0,337,0,333,0,0,0,1,0,0,0,0,1,0,2,0,0,0,제주항
20240829,MEDITERRANEA,1112,0,1112,0,1096,0,0,0,0,0,0,9,1,2,2,1,0,1,0,강정항
20240828,NORWEGIAN SPIRIT,0,0,0,0,0,0,0,0,0,0,0,0,0,0,0,0,0,0,0,강정항
20240828,PIANO LAND,1300,0,1300,0,1285,4,0,0,1,0,0,0,0,2,8,0,0,0,0,제주항
20240827,Millennium,2334,5,2329,25,25,8,12,10,11,0,0,0,720,572,467,440,9,30,0,제주항
20240827,ZHAO SHANG YI DUN,325,0,325,2,305,7,1,0,0,0,0,0,1,7,2,0,0,0,0,강정항
20240826,ADORA MAGIC CITY,2922,6,2916,0,2862,33,4,0,1,0,0,0,7,2,0,1,0,6,0,강정항
20240826,DREAM,2141,2,2139,0,2114,5,0,0,0,1,0,0,5,5,6,0,3,0,0,제주항
20240825,MEDITERRANEA,0,0,0,0,0,0,0,0,0,0,0,0,0,0,0,0,0,0,0,제주항
20240821,Diamond Princess,2784,10,2774,1230,14,48,110,25,5,1,0,0,520,270,188,298,1,64,0,강정항
20240821,DREAM,2241,0,2241,0,2215,3,0,0,0,1,0,0,4,4,7,0,3,4,0,제주항
20240820,COSTA SERENA,3148,6,3142,91,6,2,2909,0,9,2,0,2,4,5,4,0,0,108,0,강정항
20240820,MEDITERRANEA,0,0,0,0,0,0,0,0,0,0,0,0,0,0,0,0,0,0,0,제주항
20240819,PIANO LAND,1225,0,1225,0,1210,0,6,0,1,0,0,0,0,0,8,0,0,0,0,제주항
20240817,ADORA MAGIC CITY,2776,0,2776,2,2732,9,1,1,0,0,0,0,16,8,2,0,0,5,0,강정항
20240817,BLUE DREAM MELODY,1493,0,1493,0,1486,0,0,0,1,0,0,0,1,2,2,1,0,0,0,제주항
20240816,DREAM,2252,1,2251,0,2224,7,0,0,0,1,1,0,3,6,6,0,3,0,0,제주항
20240814,MEDITERRANEA,2436,0,2436,0,2399,7,0,0,0,0,0,5,8,6,8,0,3,0,0,제주항
20240814,MSC BELLISSIMA,4654,0,4654,2,4550,24,12,1,5,0,0,0,19,13,10,10,0,8,0,강정항
20240813,ZHAO SHANG YI DUN,227,0,227,2,209,7,1,0,0,0,0,0,0,5,1,2,0,0,0,제주항
20240812,NIPPON MARU,349,0,349,348,1,0,0,0,0,0,0,0,0,0,0,0,0,0,0,제주항
20240811,DREAM,2232,1,2231,0,2190,7,0,0,0,1,0,0,3,5,6,2,3,14,0,제주항
20240811,PIANO LAND,833,0,833,0,822,2,0,0,0,0,0,0,0,0,8,1,0,0,0,강정항
20240809,COSTA SERENA,3464,5,3459,98,8,24,3247,1,13,6,6,1,9,6,0,0,0,40,0,강정항
20240809,MEDITERRANEA,2297,0,2297,1,2271,2,0,0,0,0,0,5,4,6,4,3,0,1,0,제주항
20240808,ADORA MAGIC CITY,3484,0,3484,0,3450,10,2,0,0,0,0,0,14,5,1,0,0,2,0,강정항
20240807,NORWEGIAN SPIRIT,1351,1,1350,0,4,33,1289,0,4,2,0,0,5,6,2,0,0,5,0,제주항
20240806,DREAM,2223,0,2223,1,2192,6,0,1,0,1,0,0,1,6,8,4,3,0,0,제주항
20240804,ADORA MAGIC CITY,3193,0,3193,0,3107,21,13,1,0,0,0,0,15,11,10,1,0,14,0,강정항
20240804,MEDITERRANEA,2305,1,2304,0,2266,6,1,0,0,0,0,5,8,8,9,1,0,0,0,제주항
20240803,PIANO LAND,617,0,617,1,598,6,2,0,1,0,0,0,1,0,8,0,0,0,0,제주항
20240802,DREAM,2208,0,2208,0,2187,4,0,0,0,1,0,0,4,3,6,0,3,0,0,제주항
20240801,PACIFIC WORLD,1352,27,1325,1024,62,17,107,43,36,0,0,10,4,15,0,6,0,1,0,제주항
20240731,ADORA MAGIC CITY,3286,0,3286,0,3231,16,3,0,0,0,0,1,5,8,6,0,0,16,0,강정항
20240730,MEDITERRANEA,2158,0,2158,0,2137,1,0,0,0,0,0,5,7,6,2,0,0,0,0,강정항
20240730,ZHAO SHANG YI DUN,343,1,342,1,314,14,2,0,0,0,0,0,4,6,1,0,0,0,0,제주항
20240728,DREAM,2200,0,2200,0,2130,4,2,0,0,1,0,0,6,6,12,0,3,36,0,제주항
20240726,ADORA MAGIC CITY,4266,1,4265,0,4245,1,0,0,1,0,0,0,0,15,0,3,0,0,0,강정항
20240726,PIANO LAND,688,2,686,3,665,4,0,0,1,0,0,0,1,4,8,0,0,0,0,제주항
20240725,MEDITERRANEA,1708,0,1708,0,1678,2,8,0,0,0,0,5,4,5,6,0,0,0,0,제주항
20240723,Diamond Princess,2834,38,2796,1741,18,43,66,5,4,0,0,0,580,112,83,104,0,40,0,강정항
20240723,DREAM,1317,0,1317,0,1293,4,0,0,1,1,0,0,2,6,7,0,3,0,0,제주항
20240721,MEDITERRANEA,1700,0,1700,0,1643,2,2,1,0,0,1,5,5,4,4,1,0,32,0,제주항
20240717,ADORA MAGIC CITY,3284,15,3269,0,3233,19,3,0,0,0,0,0,4,7,3,0,0,0,0,강정항
20240717,Diamond Princess,2858,26,2832,1225,38,33,125,20,6,2,1,9,631,111,190,314,2,125,0,강정항
20240717,DREAM,1770,0,1770,0,1747,5,1,0,0,1,0,0,0,4,7,0,3,2,0,제주항
20240716,ZHAO SHANG YI DUN,149,0,149,0,142,3,0,0,0,0,0,0,0,3,0,0,0,1,0,제주항
20240715,MEDITERRANEA,1660,0,1660,0,1631,2,0,1,0,0,0,0,6,14,5,1,0,0,0,제주항
20240712,DREAM,1904,0,1904,0,1812,4,0,0,0,1,0,0,8,4,9,0,3,63,0,제주항
20240710,Millennium,2382,0,2382,5,4,10,8,4,8,1,4,1,1045,350,483,432,10,17,0,제주항
20240708,ADORA MAGIC CITY,3523,0,3523,0,3419,9,3,0,0,0,0,0,19,11,2,0,0,60,0,강정항
20240707,COSTA SERENA,3382,0,3382,74,8,3,3208,0,3,4,3,0,20,9,1,6,0,43,0,강정항
20240707,DREAM,2155,0,2155,0,2118,5,0,0,0,1,0,0,11,5,8,4,3,0,0,강정항
20240707,THE WORLD,246,0,246,4,0,0,0,0,0,0,0,4,145,40,12,29,1,11,0,제주항
20240706,MEDITERRANEA,1208,4,1204,0,1197,0,0,1,0,0,0,0,1,2,1,2,0,0,0,제주항
20240703,ADORA MAGIC CITY,4462,1,4461,0,4355,5,6,0,40,0,0,0,14,5,4,28,0,4,0,강정항
20240702,DREAM,0,0,0,0,0,0,0,0,0,0,0,0,0,0,0,0,0,0,0,강정항
20240702,MEDITERRANEA,1188,0,1188,0,1179,0,0,0,0,0,0,0,2,2,1,3,0,1,0,강정항
20240702,ZHAO SHANG YI DUN,407,0,407,2,391,2,0,0,0,0,0,0,7,3,1,1,0,0,0,제주항
20240629,ADORA MAGIC CITY,0,0,0,0,0,0,0,0,0,0,0,0,0,0,0,0,0,0,0,강정항
20240629,MEDITERRANEA,1057,2,1055,0,1046,0,1,0,0,0,0,0,4,2,1,0,0,1,0,제주항
20240628,Millennium,2409,2,2407,15,1,31,7,8,7,0,0,2,1570,221,284,182,16,63,0,제주항
20240626,DREAM,1657,1,1656,0,1629,7,0,0,0,1,0,0,5,3,7,0,4,0,0,강정항
20240625,ADORA MAGIC CITY,4740,0,4740,0,4587,39,10,0,38,0,0,0,16,4,4,2,1,39,0,강정항
20240622,DREAM,2221,0,2221,0,2197,4,1,0,0,1,0,0,5,4,6,0,2,1,0,제주항
20240621,ADORA MAGIC CITY,4095,0,4095,0,4066,8,1,0,1,0,0,0,2,14,3,0,0,0,0,강정항
20240620,MEDITERRANEA,2219,0,2219,0,2187,3,1,0,0,0,0,0,10,3,3,7,0,5,0,제주항
20240620,SPECTRUM OF THE SEAS,5193,8,5185,3,4833,50,16,30,15,7,0,8,77,30,16,13,0,87,0,강정항
20240618,ZHAO SHANG YI DUN,418,0,418,0,397,7,3,0,0,0,0,0,6,5,0,0,0,0,0,제주항
20240617,DREAM,2161,0,2161,0,2132,9,0,0,0,1,0,0,5,4,6,1,2,1,0,제주항
20240616,ADORA MAGIC CITY,4147,1,4146,0,3914,110,4,10,15,0,0,0,32,21,1,19,0,20,0,강정항
20240616,SPECTRUM OF THE SEAS,4376,0,4376,2,4361,0,1,0,0,0,0,0,4,1,1,0,0,6,0,강정항
20240615,Hanseatic Spirit,176,0,176,3,0,0,0,0,0,0,0,0,0,172,1,0,0,0,0,제주항
20240615,MEDITERRANEA,2266,0,2266,0,2222,1,1,0,0,0,0,0,7,3,0,0,0,32,0,강정항
20240612,ADORA MAGIC CITY,4628,0,4628,0,4374,87,11,11,87,0,0,0,21,5,7,1,0,24,0,강정항
20240612,DREAM,1219,0,1219,1,1192,5,0,0,0,1,0,0,1,1,6,0,2,10,0,강정항
20240611,Diamond Princess,2800,33,2767,1065,35,40,118,44,5,0,1,18,691,112,93,407,4,134,0,강정항
20240610,MEDITERRANEA,1461,0,1461,0,1451,0,0,0,0,0,0,0,6,1,0,0,0,3,0,제주항
20240610,MSC BELLISSIMA,5401,3,5398,6,9,1,5342,1,10,9,2,1,6,7,2,2,0,0,0,강정항
20240608,ADORA MAGIC CITY,3650,0,3650,0,3570,15,7,6,0,26,0,0,4,10,8,2,0,2,0,강정항
20240607,DREAM,975,0,975,0,959,4,0,0,0,1,0,0,1,1,7,0,2,0,0,제주항
20240605,MEDITERRANEA,2098,2,2096,0,2081,3,0,0,0,0,0,0,4,0,1,2,0,5,0,제주항
20240604,ADORA MAGIC CITY,4871,0,4871,0,4736,23,4,2,53,0,0,1,9,6,5,3,0,29,0,강정항
20240604,ZHAO SHANG YI DUN,288,0,288,0,278,5,1,0,0,0,0,0,0,3,1,0,0,0,0,제주항
20240602,BLUE DREAM MELODY,650,0,650,0,643,0,0,0,1,0,0,0,0,5,0,0,1,0,0,강정항
20240602,DREAM,1441,0,1441,0,1423,4,0,0,0,1,0,0,1,2,7,0,3,0,0,제주항
20240601,MEDITERRANEA,2138,0,2138,0,2104,1,0,0,1,0,0,0,0,3,3,0,0,26,0,강정항
20240531,ADORA MAGIC CITY,4675,0,4675,0,4555,16,0,5,7,63,0,0,9,8,6,2,0,4,0,강정항
20240530,MSC BELLISSIMA,3862,43,3819,3783,10,0,3,0,0,0,1,1,4,6,0,2,1,8,0,강정항
20240528,DREAM,2110,0,2110,0,2076,4,0,1,0,1,0,0,2,1,8,0,3,14,0,제주항
20240527,ADORA MAGIC CITY,4702,3,4699,0,4645,8,7,0,17,0,0,0,11,6,3,2,0,0,0,강정항
20240527,MEDITERRANEA,2542,0,2542,1,2524,1,2,1,0,0,0,0,4,5,4,0,0,0,0,제주항
20240524,NIPPON MARU,379,0,379,375,0,0,0,0,0,0,0,0,1,1,0,1,0,1,0,제주항
20240523,ADORA MAGIC CITY,4911,0,4911,0,4848,17,2,9,17,0,0,0,7,4,4,3,0,0,0,강정항
20240523,DREAM,2103,0,2103,0,2080,4,0,0,0,1,0,0,1,1,6,0,2,8,0,강정항
20240522,MEDITERRANEA,2398,0,2398,0,1590,67,3,1,35,88,0,0,3,272,2,0,7,330,0,제주항
20240521,MSC BELLISSIMA,3832,43,3789,3727,25,0,5,0,1,0,2,1,12,9,1,0,1,5,0,강정항
20240521,ZHAO SHANG YI DUN,391,0,391,0,378,6,4,0,0,0,0,0,0,3,0,0,0,0,0,제주항
20240519,ADORA MAGIC CITY,0,0,0,0,0,0,0,0,0,0,0,0,0,0,0,0,0,0,0,강정항
20240518,DREAM,2203,1,2202,0,2132,10,0,0,0,1,0,0,2,2,10,0,2,43,0,제주항
20240517,MEDITERRANEA,2614,0,2614,0,2606,2,2,0,0,0,0,0,4,0,0,0,0,0,0,제주항
20240517,Queen Elizabeth,1939,13,1926,1229,5,3,2,0,0,2,0,0,130,288,82,183,2,0,0,강정항
20240515,ADORA MAGIC CITY,4814,2,4812,1,4658,66,5,0,0,27,0,0,12,3,8,7,0,25,0,강정항
20240513,ADORA MAGIC CITY,4594,0,4594,0,4226,179,9,0,11,0,0,0,11,1,17,124,0,16,0,강정항
20240512,MSC BELLISSIMA,3749,20,3729,3682,20,1,5,0,0,0,2,1,4,10,2,0,0,2,0,강정항
20240510,SPECTRUM OF THE SEAS,5011,4,5007,1,4683,10,4,20,3,84,0,29,19,65,13,10,2,64,0,강정항
20240509,Diamond Princess,2694,29,2665,1396,19,29,71,25,14,2,0,4,392,126,158,349,1,79,0,강정항
20240508,DREAM,2003,0,2003,0,1988,4,0,0,0,1,0,0,0,1,7,0,2,0,0,제주항
20240507,ZHAO SHANG YI DUN,98,0,98,0,89,3,0,0,0,0,0,0,3,2,1,0,0,0,0,제주항
20240506,ADORA MAGIC CITY,4858,0,4858,0,4799,19,3,2,0,4,0,0,9,6,9,3,0,4,0,강정항
20240504,DREAM,1526,0,1526,0,1502,3,0,0,0,1,0,0,5,1,12,0,2,0,0,제주항
20240503,MSC BELLISSIMA,5262,41,5221,4762,105,0,33,0,5,0,1,20,64,132,44,12,0,43,0,강정항
20240501,ADORA MAGIC CITY,4297,6,4291,0,4220,8,22,2,8,0,0,0,13,10,3,2,0,3,0,강정항
20240501,COSTA SERENA,3006,21,2985,2936,19,1,6,0,0,0,0,0,1,15,2,0,1,4,0,강정항
20240430,DREAM,2213,0,2213,1,2166,9,0,0,3,1,1,0,2,11,15,0,3,1,0,제주항
20240428,Le Jacques Cartier,124,0,124,32,0,3,2,0,0,0,0,1,2,70,0,14,0,0,0,제주항
20240427,ADORA MAGIC CITY,4912,0,4912,0,4776,42,11,0,6,17,0,0,15,9,0,26,0,10,0,강정항
20240427,Millennium,2166,3,2163,33,10,3,1,12,5,6,0,1,753,701,328,284,3,23,0,제주항
20240426,Le Jacques Cartier,140,0,140,37,1,0,2,1,0,0,0,0,2,69,4,24,0,0,0,제주항
20240425,DREAM,2253,0,2253,0,2232,3,0,1,0,1,0,0,1,2,8,1,2,2,0,강정항
20240425,Silver Moon,525,0,525,4,0,2,8,5,0,2,0,1,184,204,34,81,0,0,0,제주항
20240424,Diamond Princess,2617,0,2617,1980,0,0,0,0,0,0,0,0,400,0,0,0,0,237,0,강정항
20240423,MSC BELLISSIMA,5079,0,5079,0,4892,27,78,3,6,1,0,16,22,16,10,8,0,0,0,강정항
20240423,ZHAO SHANG YI DUN,208,0,208,1,198,3,1,0,0,0,0,0,0,4,1,0,0,0,0,제주항
20240422,ADORA MAGIC CITY,4712,0,4712,0,4571,38,3,1,20,4,0,0,26,2,5,40,0,2,0,강정항
20240421,DREAM,2017,0,2017,0,2004,2,0,0,0,1,0,0,0,1,7,0,2,0,0,제주항
20240420,MSC BELLISSIMA,0,0,0,0,0,0,0,0,0,0,0,0,0,0,0,0,0,0,0,강정항
20240418,ADORA MAGIC CITY,5038,0,5038,0,4971,10,5,1,1,0,0,0,4,0,2,1,0,43,0,강정항
20240417,DREAM,1334,0,1334,1,1319,2,1,0,0,0,0,0,0,1,8,0,2,0,0,제주항
20240416,MEDITERRANEA,0,0,0,0,0,0,0,0,0,0,0,0,0,0,0,0,0,0,0,강정항
20240416,MSC BELLISSIMA,5106,0,5106,0,4955,18,2,0,4,0,0,61,13,13,3,2,0,35,0,강정항
20240414,ADORA MAGIC CITY,4933,0,4933,0,4838,27,9,1,4,32,0,8,9,0,3,1,0,1,0,강정항
20240413,DREAM,1451,0,1451,0,1431,2,2,0,0,0,0,0,0,5,8,1,2,0,0,강정항
20240413,Seabourn Odyssey,405,1,404,4,0,2,0,0,0,0,0,0,221,52,48,72,4,1,0,제주항
20240411,MSC BELLISSIMA,5192,0,5192,4,5133,9,13,0,3,0,0,0,6,18,2,3,1,0,0,강정항
20240410,MEDITERRANEA,845,0,845,0,839,1,0,0,0,0,0,0,0,5,0,0,0,0,0,제주항
20240409,ZHAO SHANG YI DUN,116,0,116,0,109,1,2,0,0,0,0,0,2,1,0,1,0,0,0,제주항
20240408,DREAM,2096,0,2096,0,2063,2,1,0,0,0,0,0,0,2,7,0,2,19,0,제주항
20240407,MSC BELLISSIMA,4054,5,4049,0,3984,5,18,0,7,0,0,1,5,16,3,6,1,3,0,강정항
20240406,MEDITERRANEA,2633,0,2633,0,2626,2,0,0,0,0,0,0,0,3,1,1,0,0,0,강정항
20240406,Millennium,2178,1,2177,50,8,19,19,7,6,2,2,0,445,1057,416,122,8,16,0,제주항
20240405,ADORA MAGIC CITY,3665,1,3664,0,3434,31,26,4,1,44,0,2,27,24,2,67,0,2,0,강정항
20240404,DREAM,1283,0,1283,0,1268,3,1,0,0,0,0,0,0,1,10,0,0,0,0,강정항
20240404,Serenade of the Seas,1893,0,1893,1,17,25,2,57,6,1,0,2,1136,223,211,83,26,103,0,제주항
20240403,ADORA MAGIC CITY,4349,0,4349,0,4220,89,6,0,2,0,0,0,2,14,6,9,0,1,0,강정항
20240403,MSC BELLISSIMA,5156,4,5152,3,4905,51,56,10,4,0,0,1,56,14,24,12,0,16,0,강정항
20240402,INSIGNIA,0,0,0,0,0,0,0,0,0,0,0,0,0,0,0,0,0,0,0,강정항
20240402,MEDITERRANEA,2532,22,2510,0,2507,0,0,0,0,0,0,0,1,1,1,0,0,0,0,제주항
20240401,ADORA MAGIC CITY,0,0,0,0,0,0,0,0,0,0,0,0,0,0,0,0,0,0,0,강정항
20240331,COSTA SERENA,2996,1,2995,2,5,2,2932,3,9,10,1,0,14,7,2,1,0,7,0,강정항
20240331,DREAM,1677,0,1677,0,1655,3,0,0,0,0,0,0,0,1,8,2,0,8,0,제주항
20240330,MEDITERRANEA,2066,0,2066,0,2065,0,0,0,0,0,0,0,0,1,0,0,0,0,0,제주항
20240330,MSC BELLISSIMA,5335,1,5334,7,5170,55,19,2,4,0,0,0,14,39,13,10,0,1,0,강정항
20240327,ADORA MAGIC CITY,4605,0,4605,0,4319,150,1,5,0,1,0,0,49,9,14,31,0,26,0,강정항
20240327,MEDITERRANEA,1464,0,1464,0,1463,0,0,0,0,0,0,0,0,1,0,0,0,0,0,제주항
20240326,DREAM,0,0,0,0,0,0,0,0,0,0,0,0,0,0,0,0,0,0,0,강정항
20240326,ZHAO SHANG YI DUN,0,0,0,0,0,0,0,0,0,0,0,0,0,0,0,0,0,0,0,제주항
20240325,Millennium,2161,0,2161,34,5,16,8,12,3,1,0,1,468,1103,369,128,4,9,0,제주항
20240325,MSC BELLISSIMA,0,0,0,0,0,0,0,0,0,0,0,0,0,0,0,0,0,0,0,강정항
20240323,ADORA MAGIC CITY,4824,0,4824,0,4796,4,0,0,0,1,0,2,7,5,1,8,0,0,0,강정항
20240322,NORWEGIAN JEWEL,2446,50,2396,0,9,0,5,0,4,2,0,0,946,570,285,553,3,19,0,제주항
20240321,DREAM,2013,0,2013,0,1995,3,4,0,0,0,0,0,0,0,10,1,0,0,0,제주항
20240321,MSC BELLISSIMA,5046,0,5046,4,4998,9,7,0,3,0,0,1,7,12,4,1,0,0,0,강정항
20240320,NORWEGIAN JEWEL,2426,8,2418,2,4,4,3,7,5,0,2,7,1057,500,174,619,1,33,0,강정항
20240318,ADORA MAGIC CITY,0,0,0,0,0,0,0,0,0,0,0,0,0,0,0,0,0,0,0,강정항
20240318,Silver Moon,533,0,533,0,2,7,10,7,2,0,0,0,131,208,42,114,6,4,0,제주항
20240316,EUROPA 2,350,0,350,2,0,0,0,0,0,0,0,0,0,343,3,1,0,1,0,제주항
20240314,ADORA MAGIC CITY,4671,0,4671,1,4631,11,0,0,0,6,0,0,12,3,6,0,0,1,0,강정항
20240313,DREAM,1209,0,1209,1,1174,1,5,1,0,0,0,0,1,3,10,0,0,13,0,강정항
20240312,MEDITERRANEA,0,0,0,0,0,0,0,0,0,0,0,0,0,0,0,0,0,0,0,강정항
20240311,ARTANIA,1035,0,1035,0,0,0,0,0,0,0,0,0,1,1033,0,0,0,1,0,제주항
20240310,ADORA MAGIC CITY,4539,0,4539,0,4424,20,1,0,0,0,0,0,10,7,2,3,0,72,0,강정항
20240310,RIVIERA,1137,2,1135,9,22,3,0,8,26,0,0,2,735,81,178,67,0,4,0,제주항
20240306,ADORA MAGIC CITY,4308,0,4308,0,4271,13,4,0,0,0,0,0,12,0,6,0,0,2,0,강정항
20240303,MEDITERRANEA,1548,0,1548,0,1494,2,0,0,0,0,0,16,3,2,0,2,0,29,0,제주항
20240302,ADORA MAGIC CITY,4221,1,4220,0,4179,12,4,1,8,0,0,0,7,3,4,1,0,1,0,강정항
20240227,MEDITERRANEA,1581,0,1581,0,1560,0,0,0,0,0,0,16,2,1,1,1,0,0,0,제주항
20240225,NIPPON MARU,362,1,361,358,0,0,1,0,0,0,0,0,1,1,0,0,0,0,0,제주항
20240223,ADORA MAGIC CITY,3633,0,3633,1,3429,17,5,0,2,2,0,8,13,3,7,0,0,146,0,강정항
20240222,MEDITERRANEA,0,0,0,0,0,0,0,0,0,0,0,0,0,0,0,0,0,0,0,강정항
20240219,ADORA MAGIC CITY,3943,2,3941,2,3887,8,6,1,0,1,0,8,17,3,2,6,0,0,0,강정항
20240216,MEDITERRANEA,2599,0,2599,0,2553,4,1,0,0,0,0,16,1,5,7,0,0,12,0,강정항
20240213,ADORA MAGIC CITY,4557,1,4556,5,4430,43,10,3,1,0,0,9,18,15,8,13,0,1,0,강정항
20240210,MEDITERRANEA,1576,0,1576,1,1536,2,0,0,0,0,0,16,12,7,1,1,0,0,0,강정항
20240206,ADORA MAGIC CITY,3483,1,3482,1,3407,16,11,1,0,1,0,8,18,7,8,1,0,3,0,강정항
20240206,MEDITERRANEA,1777,0,1777,0,1741,2,0,0,0,0,0,20,5,4,3,1,1,0,0,제주항
20240202,ADORA MAGIC CITY,3429,0,3429,2,3355,16,4,0,2,3,1,9,21,8,5,1,0,2,0,강정항
20240131,MEDITERRANEA,1795,0,1795,0,1754,2,0,0,0,0,0,20,6,10,2,0,0,1,0,제주항
20240126,MEDITERRANEA,0,0,0,0,0,0,0,0,0,0,0,0,0,0,0,0,0,0,0,제주항
20240125,ADORA MAGIC CITY,3671,1,3670,1,3622,5,8,0,0,0,0,8,7,9,6,4,0,0,0,강정항
20240121,ADORA MAGIC CITY,2787,0,2787,1,2732,4,1,0,0,0,0,8,8,7,4,4,0,18,0,강정항
20240121,MEDITERRANEA,2174,0,2174,0,2075,2,0,0,0,0,0,20,4,5,2,4,1,61,0,제주항
20240117,ADORA MAGIC CITY,3594,0,3594,1,3534,6,9,2,0,0,0,9,3,15,2,4,0,9,0,강정항
20240116,MEDITERRANEA,1834,0,1834,0,1541,1,1,0,0,0,0,22,3,3,2,0,0,261,0,강정항
20240112,ADORA MAGIC CITY,2998,0,2998,0,2901,22,3,1,1,0,0,8,11,27,3,18,0,3,0,강정항
20240112,MEDITERRANEA,1383,0,1383,0,1303,1,0,0,0,0,0,22,0,3,1,0,0,53,0,제주항
20240108,ADORA MAGIC CITY,3003,0,3003,0,2936,8,1,3,0,1,0,11,6,18,5,13,0,1,0,강정항
20240107,MEDITERRANEA,871,0,871,0,835,1,0,0,0,0,0,22,2,5,6,0,0,0,0,강정항
20240106,DREAM,1339,1,1338,0,1318,5,0,0,0,1,0,0,2,3,5,0,0,4,0,제주항
20240102,ADORA MAGIC CITY,2982,0,2982,0,2723,63,10,109,7,3,0,19,11,22,5,7,0,3,0,강정항
20240101,MEDITERRANEA,0,0,0,0,0,0,0,0,0,0,0,0,0,0,0,0,0,0,0,제주항
