name,category,environment,latitude,longitude,port_zone,duration_hours,scenario_note
제주항,항구,port,33.5160,126.5270,제주항,0,크루즈 출발·복귀 기준점
강정항,항구,port,33.2270,126.4750,강정항,0,크루즈 출발·복귀 기준점
제주민속자연사박물관,박물관,indoor,33.5068,126.5317,제주항,1.5,우천 시 역사·문화 코스
제주목관아,역사문화,mixed,33.5135,126.5211,제주항,1.0,약한 비 조건부 운영
신라면세점 제주점,쇼핑,indoor,33.4861,126.4879,제주항,2.0,쇼핑 수요 대응
아르떼뮤지엄 제주,미디어아트,indoor,33.3966,126.3447,제주항,2.0,전천후 체험형 상품
빛의 벙커,미디어아트,indoor,33.4398,126.8990,강정항,1.5,악천후 대체 코스
아쿠아플라넷 제주,아쿠아리움,indoor,33.4328,126.9278,강정항,2.5,대규모 실내 체류
본태박물관,박물관,indoor,33.3039,126.3925,강정항,1.5,문화·건축 코스
서귀포매일올레시장,시장,mixed,33.2502,126.5633,강정항,1.5,로컬 미식·쇼핑
중문관광단지,복합관광,mixed,33.2457,126.4082,강정항,2.0,기상에 따라 실내외 전환
오설록 티뮤지엄,문화체험,indoor,33.3059,126.2895,강정항,1.5,티 클래스·쇼핑 결합
