arrival_date,ship_name,port,total_passengers,chinese_passengers,japanese_passengers,western_passengers,record_status,source_note
2026-10-05,Spectrum of The Seas,강정항,4994,4558,6,71,actual,공식 일별자료 추가 확인
2026-10-05,Adora Mediterranea,제주항,2627,2592,0,9,actual,공식 일별자료 추가 확인
2026-10-03,Visio,강정항,3230,3184,1,9,actual,공식 일별자료 추가 확인
2026-10-03,Adora Magic City,강정항,4209,4087,0,13,actual,공식 일별자료 추가 확인
2026-09-30,Adora Magic City,강정항,4513,4407,0,5,actual,공식 일별자료 추가 확인
2026-09-29,Spectrum of The Seas,강정항,5356,5087,10,39,actual,공식 일별자료 추가 확인
2026-09-28,공식 일별 합계 (선박 상세 미공개),전체 항구,2435,0,0,0,aggregate,선박 상세 미공개
2026-09-27,공식 일별 합계 (선박 상세 미공개),전체 항구,4328,0,0,0,aggregate,선박 상세 미공개
2026-09-24,공식 일별 합계 (선박 상세 미공개),전체 항구,2459,0,0,0,aggregate,선박 상세 미공개
2026-09-23,공식 일별 합계 (선박 상세 미공개),전체 항구,4488,0,0,0,aggregate,선박 상세 미공개
2026-09-22,공식 일별 합계 (선박 상세 미공개),전체 항구,2488,0,0,0,aggregate,선박 상세 미공개
2026-09-21,공식 일별 합계 (선박 상세 미공개),전체 항구,8778,0,0,0,aggregate,선박 상세 미공개
2026-09-20,공식 일별 합계 (선박 상세 미공개),전체 항구,3046,0,0,0,aggregate,선박 상세 미공개
2026-09-19,공식 일별 합계 (선박 상세 미공개),전체 항구,4824,0,0,0,aggregate,선박 상세 미공개
2026-09-18,공식 일별 합계 (선박 상세 미공개),전체 항구,1991,0,0,0,aggregate,선박 상세 미공개
2026-09-17,공식 일별 합계 (선박 상세 미공개),전체 항구,4706,0,0,0,aggregate,선박 상세 미공개
